test_class,test_method,production_method,production_class
CommandlineTest,testToString,toString,ClassToJavadoc
DirSetTest,testToString,toString,ClassToJavadoc
CommandlineTest,testToString,toString,Alpha
DirSetTest,testToString,toString,Alpha
CommandlineTest,testToString,toString,Beta
DirSetTest,testToString,toString,Beta
MultilineAsserts,testBar,bar,Foo
AntClassLoaderDelegationTest,testFindResources,findResources,AntClassLoader
AntClassLoaderDelegationTest,testFindResources,findResources,AntClassLoader
AntClassLoaderPerformance,testFindClass,findClass,AntClassLoader
AntClassLoaderTest,testCleanup,cleanup,AntClassLoader
CommandlineTest,testToString,toString,AntClassLoader
DirSetTest,testToString,toString,AntClassLoader
AntClassLoaderTest,testGetResources,getResources,AntClassLoader
TarOutputStreamTest,testClose,close,AntClassLoader
CommandlineTest,testToString,toString,BuildException
DirSetTest,testToString,toString,BuildException
PathTest,testSetLocation,setLocation,BuildException
ProjectTest,testAddTaskDefinition,addTaskDefinition,ComponentHelper
DefaultLoggerTest,testThrowableMessage,throwableMessage,DefaultLogger
TarOutputStreamTest,testClose,close,DemuxOutputStream
TokenizedPatternTest,testMatchPath,matchPath,DirectoryScanner
TokenizedPatternTest,testMatchPath,matchPath,DirectoryScanner
DirectoryScannerTest,testContentsExcluded,contentsExcluded,DirectoryScanner
VectorSetTest,testAdd,add,ExpandProperties
TarOutputStreamTest,testClose,close,SimpleFilterReader
DeweyDecimalTest,testEquals,equals,AddAsisRemove
ZipLongTest,testEquals,equals,AddAsisRemove
ZipShortTest,testEquals,equals,AddAsisRemove
DeweyDecimalTest,testHashCode,hashCode,AddAsisRemove
DeweyDecimalTest,testEquals,equals,CrLf
ZipLongTest,testEquals,equals,CrLf
ZipShortTest,testEquals,equals,CrLf
DeweyDecimalTest,testHashCode,hashCode,CrLf
ConditionTest,testSetValue,setValue,Contains
ConcatTest,testFilter,filter,Native2AsciiFilter
ConditionTest,testSetValue,setValue,Token
VectorSetTest,testAdd,add,SortFilter
ConditionTest,testSetValue,setValue,Comment
IntrospectionHelperTest,testAddText,addText,Comment
ConcatTest,testFilter,filter,Filter
ConcatTest,testFilter,filter,ReplaceString
ConcatTest,testFilter,filter,ContainsString
ConcatTest,testFilter,filter,ReplaceRegex
ConcatTest,testFilter,filter,ContainsRegex
ConcatTest,testFilter,filter,Trim
ConcatTest,testFilter,filter,IgnoreBlank
ConcatTest,testFilter,filter,DeleteCharacters
VectorSetTest,testAdd,add,TokenFilter
VectorSetTest,testAdd,add,TokenFilter
ConcatTest,testFilter,filter,UniqFilter
ExtraFieldUtilsTest,testParse,parse,ProjectHelper2
ExtraFieldUtilsTest,testParse,parse,ProjectHelper2
ExtraFieldUtilsTest,testParse,parse,ProjectHelperImpl
VectorSetTest,testSet,set,AttributeSetter
IntrospectionHelperTest,testAddText,addText,IntrospectionHelper
IntrospectionHelperTest,testIsDynamic,isDynamic,IntrospectionHelper
IntrospectionHelperTest,testIsContainer,isContainer,IntrospectionHelper
IntrospectionHelperTest,testGetAddTextMethod,getAddTextMethod,IntrospectionHelper
IntrospectionHelperTest,testGetElementMethod,getElementMethod,IntrospectionHelper
IntrospectionHelperTest,testGetAttributeMethod,getAttributeMethod,IntrospectionHelper
IntrospectionHelperTest,testSupportsCharacters,supportsCharacters,IntrospectionHelper
IntrospectionHelperTest,testGetAttributes,getAttributes,IntrospectionHelper
IntrospectionHelperTest,testGetAttributeMap,getAttributeMap,IntrospectionHelper
IntrospectionHelperTest,testGetNestedElements,getNestedElements,IntrospectionHelper
IntrospectionHelperTest,testGetNestedElementMap,getNestedElementMap,IntrospectionHelper
IntrospectionHelperTest,testGetExtensionPoints,getExtensionPoints,IntrospectionHelper
AddTypeTest,testAddPath,addPath,Launcher
ExtendedTaskdefTest,testRun,run,Launcher
JavaTest,testRun,run,Launcher
ChecksumTest,testSetProperty,setProperty,Launcher
FileUtilsTest,testFromURI,fromURI,Locator
IsSignedTest,testPassword,password,Values
IsSignedTest,testPassword,password,Values
ManifestTest,testFrom,from,Values
ManifestTest,testFrom,from,Values
CommandlineTest,testToString,toString,Location
DirSetTest,testToString,toString,Location
DeweyDecimalTest,testEquals,equals,Location
ZipLongTest,testEquals,equals,Location
ZipShortTest,testEquals,equals,Location
DeweyDecimalTest,testHashCode,hashCode,Location
PermissionsTest,testExit,exit,Main
LinkedHashtableTest,testGet,get,AntRefTable
ChecksumTest,testSetProperty,setProperty,Project
AddTypeTest,testAddFilter,addFilter,Project
ProjectTest,testAddTaskDefinition,addTaskDefinition,Project
ProjectTest,testResolveFile,resolveFile,Project
FileUtilsTest,testResolveFile,resolveFile,Project
ProjectTest,testResolveFile,resolveFile,Project
FileUtilsTest,testResolveFile,resolveFile,Project
PathTest,testSetLocation,setLocation,ProjectComponent
ProjectComponentTest,testClone,clone,ProjectComponent
LayoutPreservingPropertiesTest,testClone,clone,ProjectComponent
LinkedHashtableTest,testClone,clone,ProjectComponent
VectorSetTest,testClone,clone,ProjectComponent
AsiExtraFieldTest,testClone,clone,ProjectComponent
ZipLongTest,testClone,clone,ProjectComponent
ZipShortTest,testClone,clone,ProjectComponent
IsFileSelectedTest,testName,name,OnMissingExtensionPoint
SignedSelectorTest,testName,name,OnMissingExtensionPoint
CommandlineTest,testToString,toString,OnMissingExtensionPoint
DirSetTest,testToString,toString,OnMissingExtensionPoint
ExtraFieldUtilsTest,testParse,parse,ProjectHelper
IntrospectionHelperTest,testAddText,addText,ProjectHelper
IntrospectionHelperTest,testAddText,addText,ProjectHelper
LayoutPreservingPropertiesTest,testRemove,remove,ConstructingIterator
LinkedHashtableTest,testRemove,remove,ConstructingIterator
LinkedHashtableTest,testGet,get,LocalProperties
NiceTest,testCurrent,current,LocalProperties
VectorSetTest,testSet,set,LocalProperties
VectorSetTest,testSet,set,LocalPropertyStack
CommandlineTest,testToString,toString,NullReturn
DirSetTest,testToString,toString,NullReturn
VectorSetTest,testSet,set,PropertySetter
ChecksumTest,testSetProperty,setProperty,PropertyHelper
ChecksumTest,testSetProperty,setProperty,PropertyHelper
ChecksumTest,testSetProperty,setProperty,PropertyHelper
VectorSetTest,testAdd,add,PropertyHelper
VectorSetTest,testAdd,add,EnableAttributeConsumer
IntrospectionHelperTest,testGetAttributeMap,getAttributeMap,RuntimeConfigurable
IntrospectionHelperTest,testGetAttributes,getAttributes,RuntimeConfigurable
IntrospectionHelperTest,testAddText,addText,RuntimeConfigurable
IntrospectionHelperTest,testAddText,addText,RuntimeConfigurable
UnknownElementTest,testMaybeConfigure,maybeConfigure,RuntimeConfigurable
UnknownElementTest,testMaybeConfigure,maybeConfigure,RuntimeConfigurable
PathTest,testSetLocation,setLocation,Target
CommandlineTest,testToString,toString,Target
DirSetTest,testToString,toString,Target
UnknownElementTest,testMaybeConfigure,maybeConfigure,Task
EchoXMLTest,testFail,fail,TaskConfigurationChecker
ParallelTest,testFail,fail,TaskConfigurationChecker
AntClassLoaderTest,testGetPackage,getPackage,AbstractCvsTask
VectorSetTest,testAdd,add,AntStructure
ConditionTest,testSetValue,setValue,Option
ChecksumTest,testSetProperty,setProperty,Available
ConditionTest,testSetValue,setValue,Available
ConditionTest,testSetValue,setValue,Available
ChecksumTest,testSetProperty,setProperty,Basename
XmlValidateTest,testValidate,validate,BuildNumber
ContainsSelectorTest,testValidate,validate,BuildNumber
DateSelectorTest,testValidate,validate,BuildNumber
DepthSelectorTest,testValidate,validate,BuildNumber
FilenameSelectorTest,testValidate,validate,BuildNumber
PresentSelectorTest,testValidate,validate,BuildNumber
SizeSelectorTest,testValidate,validate,BuildNumber
TypeSelectorTest,testValidate,validate,BuildNumber
VectorSetTest,testAdd,add,FileUnion
ChecksumTest,testSetProperty,setProperty,Checksum
VectorSetTest,testAdd,add,Checksum
VectorSetTest,testAdd,add,CloseResources
AddTypeTest,testAddConfigured,addConfigured,CommandLauncherTask
IntrospectionHelperTest,testAddText,addText,TextElement
TarOutputStreamTest,testClose,close,MultiReader
VectorSetTest,testAdd,add,Concat
IntrospectionHelperTest,testAddText,addText,Concat
LinkedHashtableTest,testSize,size,Concat
XmlValidateTest,testValidate,validate,Concat
ContainsSelectorTest,testValidate,validate,Concat
DateSelectorTest,testValidate,validate,Concat
DepthSelectorTest,testValidate,validate,Concat
FilenameSelectorTest,testValidate,validate,Concat
PresentSelectorTest,testValidate,validate,Concat
SizeSelectorTest,testValidate,validate,Concat
TypeSelectorTest,testValidate,validate,Concat
AntClassLoaderTest,testGetResources,getResources,Concat
XmlValidateTest,testValidate,validate,AntVersion
ContainsSelectorTest,testValidate,validate,AntVersion
DateSelectorTest,testValidate,validate,AntVersion
DepthSelectorTest,testValidate,validate,AntVersion
FilenameSelectorTest,testValidate,validate,AntVersion
PresentSelectorTest,testValidate,validate,AntVersion
SizeSelectorTest,testValidate,validate,AntVersion
TypeSelectorTest,testValidate,validate,AntVersion
ChecksumTest,testSetProperty,setProperty,AntVersion
VectorSetTest,testAdd,add,ConditionBase
XmlValidateTest,testValidate,validate,HasFreeSpace
ContainsSelectorTest,testValidate,validate,HasFreeSpace
DateSelectorTest,testValidate,validate,HasFreeSpace
DepthSelectorTest,testValidate,validate,HasFreeSpace
FilenameSelectorTest,testValidate,validate,HasFreeSpace
PresentSelectorTest,testValidate,validate,HasFreeSpace
SizeSelectorTest,testValidate,validate,HasFreeSpace
TypeSelectorTest,testValidate,validate,HasFreeSpace
ConditionTest,testSetValue,setValue,IsFalse
XmlValidateTest,testValidate,validate,IsFileSelected
ContainsSelectorTest,testValidate,validate,IsFileSelected
DateSelectorTest,testValidate,validate,IsFileSelected
DepthSelectorTest,testValidate,validate,IsFileSelected
FilenameSelectorTest,testValidate,validate,IsFileSelected
PresentSelectorTest,testValidate,validate,IsFileSelected
SizeSelectorTest,testValidate,validate,IsFileSelected
TypeSelectorTest,testValidate,validate,IsFileSelected
VectorSetTest,testAdd,add,IsLastModified
XmlValidateTest,testValidate,validate,IsLastModified
ContainsSelectorTest,testValidate,validate,IsLastModified
DateSelectorTest,testValidate,validate,IsLastModified
DepthSelectorTest,testValidate,validate,IsLastModified
FilenameSelectorTest,testValidate,validate,IsLastModified
PresentSelectorTest,testValidate,validate,IsLastModified
SizeSelectorTest,testValidate,validate,IsLastModified
TypeSelectorTest,testValidate,validate,IsLastModified
ParserSupportsTest,testEmpty,empty,IsReachable
XorTest,testEmpty,empty,IsReachable
EchoXMLTest,testEmpty,empty,IsReachable
MakeUrlTest,testEmpty,empty,IsReachable
RmicAdvancedTest,testEmpty,empty,IsReachable
TypedefTest,testEmpty,empty,IsReachable
ChecksumTest,testSetProperty,setProperty,IsSet
ConditionTest,testSetValue,setValue,IsTrue
XmlValidateTest,testValidate,validate,JavaVersion
ContainsSelectorTest,testValidate,validate,JavaVersion
DateSelectorTest,testValidate,validate,JavaVersion
DepthSelectorTest,testValidate,validate,JavaVersion
FilenameSelectorTest,testValidate,validate,JavaVersion
PresentSelectorTest,testValidate,validate,JavaVersion
SizeSelectorTest,testValidate,validate,JavaVersion
TypeSelectorTest,testValidate,validate,JavaVersion
ChecksumTest,testSetProperty,setProperty,ParserSupports
ConditionTest,testSetValue,setValue,ParserSupports
XmlValidateTest,testValidate,validate,ResourceContains
ContainsSelectorTest,testValidate,validate,ResourceContains
DateSelectorTest,testValidate,validate,ResourceContains
DepthSelectorTest,testValidate,validate,ResourceContains
FilenameSelectorTest,testValidate,validate,ResourceContains
PresentSelectorTest,testValidate,validate,ResourceContains
SizeSelectorTest,testValidate,validate,ResourceContains
TypeSelectorTest,testValidate,validate,ResourceContains
VectorSetTest,testAdd,add,ResourceExists
XmlValidateTest,testValidate,validate,ResourceExists
ContainsSelectorTest,testValidate,validate,ResourceExists
DateSelectorTest,testValidate,validate,ResourceExists
DepthSelectorTest,testValidate,validate,ResourceExists
FilenameSelectorTest,testValidate,validate,ResourceExists
PresentSelectorTest,testValidate,validate,ResourceExists
SizeSelectorTest,testValidate,validate,ResourceExists
TypeSelectorTest,testValidate,validate,ResourceExists
VectorSetTest,testAdd,add,ResourcesMatch
ChecksumTest,testSetProperty,setProperty,ConditionTask
ConditionTest,testSetValue,setValue,ConditionTask
ConditionTest,testSetValue,setValue,ConditionTask
VectorSetTest,testAdd,add,Copy
VectorSetTest,testAdd,add,Copy
VectorSetTest,testAdd,add,Copy
VectorSetTest,testAdd,add,Copy
VectorSetTest,testAdd,add,CopyPath
XmlValidateTest,testValidate,validate,ChangeLogTask
ContainsSelectorTest,testValidate,validate,ChangeLogTask
DateSelectorTest,testValidate,validate,ChangeLogTask
DepthSelectorTest,testValidate,validate,ChangeLogTask
FilenameSelectorTest,testValidate,validate,ChangeLogTask
PresentSelectorTest,testValidate,validate,ChangeLogTask
SizeSelectorTest,testValidate,validate,ChangeLogTask
TypeSelectorTest,testValidate,validate,ChangeLogTask
CommandlineTest,testToString,toString,CVSEntry
DirSetTest,testToString,toString,CVSEntry
XmlValidateTest,testValidate,validate,CvsTagDiff
ContainsSelectorTest,testValidate,validate,CvsTagDiff
DateSelectorTest,testValidate,validate,CvsTagDiff
DepthSelectorTest,testValidate,validate,CvsTagDiff
FilenameSelectorTest,testValidate,validate,CvsTagDiff
PresentSelectorTest,testValidate,validate,CvsTagDiff
SizeSelectorTest,testValidate,validate,CvsTagDiff
TypeSelectorTest,testValidate,validate,CvsTagDiff
CommandlineTest,testToString,toString,CvsTagEntry
DirSetTest,testToString,toString,CvsTagEntry
XmlValidateTest,testValidate,validate,CvsUser
ContainsSelectorTest,testValidate,validate,CvsUser
DateSelectorTest,testValidate,validate,CvsUser
DepthSelectorTest,testValidate,validate,CvsUser
FilenameSelectorTest,testValidate,validate,CvsUser
PresentSelectorTest,testValidate,validate,CvsUser
SizeSelectorTest,testValidate,validate,CvsUser
TypeSelectorTest,testValidate,validate,CvsUser
LinkedHashtableTest,testSize,size,ReverseDirs
VectorSetTest,testAdd,add,Delete
AddTypeTest,testAddSelector,addSelector,Delete
VectorSetTest,testAdd,add,Delete
SymlinkTest,testDelete,delete,Delete
LinkedHashtableTest,testSize,size,HideMissingBasedir
ChecksumTest,testSetProperty,setProperty,Dirname
AntClassLoaderTest,testCleanup,cleanUp,Ear
IntrospectionHelperTest,testAddText,addText,Echo
EqualsTest,testTrim,trim,EmailAddress
CommandlineTest,testToString,toString,EmailAddress
DirSetTest,testToString,toString,EmailAddress
ConditionTest,testSetValue,setValue,Header
IntrospectionHelperTest,testAddText,addText,Message
ExtendedTaskdefTest,testRun,run,StreamPumper
JavaTest,testRun,run,StreamPumper
ExtendedTaskdefTest,testRun,run,Exec
JavaTest,testRun,run,Exec
CommandlineTest,testToString,toString,Execute
DirSetTest,testToString,toString,Execute
MSVSSTest,testGetCommandLine,getCommandline,Execute
CommandlineJavaTest,testGetCommandline,getCommandline,Execute
ExecTaskTest,testspawn,spawn,Execute
JavaTest,testSpawn,spawn,Execute
IsFailureTest,testIsFailure,isFailure,Execute
IsFailureTest,testIsFailure,isFailure,Execute
ExtendedTaskdefTest,testRun,run,ExecuteJava
JavaTest,testRun,run,ExecuteJava
JDependTest,testFork,fork,ExecuteJava
VectorSetTest,testAdd,add,ExecuteOn
VectorSetTest,testAdd,add,ExecuteOn
MSVSSTest,testGetCommandLine,getCommandline,ExecuteOn
CommandlineJavaTest,testGetCommandline,getCommandline,ExecuteOn
MSVSSTest,testGetCommandLine,getCommandline,ExecuteOn
CommandlineJavaTest,testGetCommandline,getCommandline,ExecuteOn
AntClassLoaderTest,testCleanup,cleanUp,ExecuteWatchdog
IntrospectionHelperTest,testAddText,addText,Exit
VectorSetTest,testAdd,add,Expand
VectorSetTest,testAdd,add,Expand
ConditionTest,testSetValue,setValue,Filter
TarOutputStreamTest,testClose,close,OneLiner
XmlValidateTest,testValidate,validate,FixCRLF
ContainsSelectorTest,testValidate,validate,FixCRLF
DateSelectorTest,testValidate,validate,FixCRLF
DepthSelectorTest,testValidate,validate,FixCRLF
FilenameSelectorTest,testValidate,validate,FixCRLF
PresentSelectorTest,testValidate,validate,FixCRLF
SizeSelectorTest,testValidate,validate,FixCRLF
TypeSelectorTest,testValidate,validate,FixCRLF
ConditionTest,testSetValue,setValue,DnameParam
CommandlineTest,testToString,toString,DistinguishedName
DirSetTest,testToString,toString,DistinguishedName
DOMElementWriterTest,testEncode,encode,DistinguishedName
ExtendedTaskdefTest,testRun,run,GetThread
JavaTest,testRun,run,GetThread
LinkedHashtableTest,testGet,get,GetThread
VectorSetTest,testAdd,add,Get
VectorSetTest,testAdd,add,Get
ChecksumTest,testSetProperty,setProperty,HostInfo
VectorSetTest,testAdd,add,ImportTask
IntrospectionHelperTest,testAddText,addText,Input
AntClassLoaderTest,testCleanup,cleanUp,Jar
ProtectedJarMethodsTest,testGrabFilesAndDirs,grabFilesAndDirs,Jar
ExtendedTaskdefTest,testRun,run,Java
JavaTest,testRun,run,Java
JDependTest,testFork,fork,Java
ExecTaskTest,testspawn,spawn,Java
JavaTest,testSpawn,spawn,Java
ExtendedTaskdefTest,testRun,run,Java
JavaTest,testRun,run,Java
MSVSSTest,testGetCommandLine,getCommandLine,Java
CommandlineJavaTest,testGetCommandline,getCommandLine,Java
VectorSetTest,testAdd,add,Javac
ConditionTest,testSetValue,setValue,DocletParam
CommandlineTest,testToString,toString,PackageName
DirSetTest,testToString,toString,PackageName
IntrospectionHelperTest,testAddText,addText,Html
VectorSetTest,testAdd,add,ResourceCollectionContainer
ManifestTest,testReplace,replace,KeySubst
ReplaceRegExpTest,testReplace,replace,KeySubst
StringUtilsTest,testReplace,replace,KeySubst
ChecksumTest,testSetProperty,setProperty,Length
VectorSetTest,testAdd,add,Length
VectorSetTest,testAdd,add,Length
XmlValidateTest,testValidate,validate,Length
ContainsSelectorTest,testValidate,validate,Length
DateSelectorTest,testValidate,validate,Length
DepthSelectorTest,testValidate,validate,Length
FilenameSelectorTest,testValidate,validate,Length
PresentSelectorTest,testValidate,validate,Length
SizeSelectorTest,testValidate,validate,Length
TypeSelectorTest,testValidate,validate,Length
AddTypeTest,testAddConfigured,addConfigured,LoadProperties
ChecksumTest,testSetProperty,setProperty,LoadResource
AddTypeTest,testAddConfigured,addConfigured,LoadResource
DeweyDecimalTest,testEquals,equals,Attribute
ZipLongTest,testEquals,equals,Attribute
ZipShortTest,testEquals,equals,Attribute
DeweyDecimalTest,testHashCode,hashCode,Attribute
DeweyDecimalTest,testEquals,equals,Text
ZipLongTest,testEquals,equals,Text
ZipShortTest,testEquals,equals,Text
DeweyDecimalTest,testHashCode,hashCode,Text
DeweyDecimalTest,testEquals,equals,TemplateElement
ZipLongTest,testEquals,equals,TemplateElement
ZipShortTest,testEquals,equals,TemplateElement
DeweyDecimalTest,testHashCode,hashCode,TemplateElement
IntrospectionHelperTest,testGetAttributes,getAttributes,MacroDef
IntrospectionHelperTest,testAddText,addText,MacroInstance
ChecksumTest,testSetProperty,setProperty,MakeUrl
AddTypeTest,testAddPath,addPath,MakeUrl
XmlValidateTest,testValidate,validate,MakeUrl
ContainsSelectorTest,testValidate,validate,MakeUrl
DateSelectorTest,testValidate,validate,MakeUrl
DepthSelectorTest,testValidate,validate,MakeUrl
FilenameSelectorTest,testValidate,validate,MakeUrl
PresentSelectorTest,testValidate,validate,MakeUrl
SizeSelectorTest,testValidate,validate,MakeUrl
TypeSelectorTest,testValidate,validate,MakeUrl
DeweyDecimalTest,testHashCode,hashCode,Attribute
DeweyDecimalTest,testEquals,equals,Attribute
ZipLongTest,testEquals,equals,Attribute
ZipShortTest,testEquals,equals,Attribute
ExtraFieldUtilsTest,testParse,parse,Attribute
ConditionTest,testSetValue,setValue,Attribute
ExtraFieldUtilsTest,testMerge,merge,Section
ExtraFieldUtilsTest,testMerge,merge,Section
ProjectComponentTest,testClone,clone,Section
LayoutPreservingPropertiesTest,testClone,clone,Section
LinkedHashtableTest,testClone,clone,Section
VectorSetTest,testClone,clone,Section
AsiExtraFieldTest,testClone,clone,Section
ZipLongTest,testClone,clone,Section
ZipShortTest,testClone,clone,Section
DeweyDecimalTest,testHashCode,hashCode,Section
DeweyDecimalTest,testEquals,equals,Section
ZipLongTest,testEquals,equals,Section
ZipShortTest,testEquals,equals,Section
ExtraFieldUtilsTest,testMerge,merge,Manifest
ExtraFieldUtilsTest,testMerge,merge,Manifest
ExtraFieldUtilsTest,testMerge,merge,Manifest
CommandlineTest,testToString,toString,Manifest
DirSetTest,testToString,toString,Manifest
DeweyDecimalTest,testHashCode,hashCode,Manifest
DeweyDecimalTest,testEquals,equals,Manifest
ZipLongTest,testEquals,equals,Manifest
ZipShortTest,testEquals,equals,Manifest
ChecksumTest,testSetProperty,setProperty,ManifestClassPath
AddTypeTest,testAddSelector,addSelector,MatchingTask
VectorSetTest,testAdd,add,MatchingTask
ExtendedTaskdefTest,testRun,run,ANTLR
JavaTest,testRun,run,ANTLR
ExtendedTaskdefTest,testRun,run,Continuus
JavaTest,testRun,run,Continuus
ExtendedTaskdefTest,testRun,run,Continuus
JavaTest,testRun,run,Continuus
ExtendedTaskdefTest,testRun,run,ClearCase
JavaTest,testRun,run,ClearCase
CommandlineTest,testToString,toString,ClassCPInfo
DirSetTest,testToString,toString,ClassCPInfo
ConditionTest,testSetValue,setValue,ConstantCPInfo
LinkedHashtableTest,testSize,size,ConstantPool
CommandlineTest,testToString,toString,ConstantPool
DirSetTest,testToString,toString,ConstantPool
CommandlineTest,testToString,toString,DoubleCPInfo
DirSetTest,testToString,toString,DoubleCPInfo
CommandlineTest,testToString,toString,FieldRefCPInfo
DirSetTest,testToString,toString,FieldRefCPInfo
CommandlineTest,testToString,toString,FloatCPInfo
DirSetTest,testToString,toString,FloatCPInfo
CommandlineTest,testToString,toString,IntegerCPInfo
DirSetTest,testToString,toString,IntegerCPInfo
CommandlineTest,testToString,toString,InterfaceMethodRefCPInfo
DirSetTest,testToString,toString,InterfaceMethodRefCPInfo
CommandlineTest,testToString,toString,InvokeDynamicCPInfo
DirSetTest,testToString,toString,InvokeDynamicCPInfo
CommandlineTest,testToString,toString,LongCPInfo
DirSetTest,testToString,toString,LongCPInfo
CommandlineTest,testToString,toString,MethodHandleCPInfo
DirSetTest,testToString,toString,MethodHandleCPInfo
CommandlineTest,testToString,toString,MethodRefCPInfo
DirSetTest,testToString,toString,MethodRefCPInfo
CommandlineTest,testToString,toString,MethodTypeCPInfo
DirSetTest,testToString,toString,MethodTypeCPInfo
CommandlineTest,testToString,toString,NameAndTypeCPInfo
DirSetTest,testToString,toString,NameAndTypeCPInfo
CommandlineTest,testToString,toString,StringCPInfo
DirSetTest,testToString,toString,StringCPInfo
CommandlineTest,testToString,toString,Utf8CPInfo
DirSetTest,testToString,toString,Utf8CPInfo
DeweyDecimalTest,testEquals,equals,Tuple
ZipLongTest,testEquals,equals,Tuple
ZipShortTest,testEquals,equals,Tuple
DeweyDecimalTest,testHashCode,hashCode,Tuple
CommandlineTest,testToString,toString,EjbInfo
DirSetTest,testToString,toString,EjbInfo
CommandlineTest,testToString,toString,Classname
DirSetTest,testToString,toString,Classname
ExtendedTaskdefTest,testRun,run,RedirectOutput
JavaTest,testRun,run,RedirectOutput
CommandlineTest,testToString,toString,Compatability
DirSetTest,testToString,toString,Compatability
CommandlineTest,testToString,toString,Compatibility
DirSetTest,testToString,toString,Compatibility
CommandlineTest,testToString,toString,Extension
DirSetTest,testToString,toString,Extension
StringUtilsTest,testSplit,split,Extension
CommandlineTest,testToString,toString,ExtensionAdapter
DirSetTest,testToString,toString,ExtensionAdapter
CommandlineTest,testToString,toString,ExtensionSet
DirSetTest,testToString,toString,ExtensionSet
TarOutputStreamTest,testClose,close,ExtensionUtil
ConditionTest,testSetValue,setValue,ExtraAttribute
XmlValidateTest,testValidate,validate,ExtraAttribute
ContainsSelectorTest,testValidate,validate,ExtraAttribute
DateSelectorTest,testValidate,validate,ExtraAttribute
DepthSelectorTest,testValidate,validate,ExtraAttribute
FilenameSelectorTest,testValidate,validate,ExtraAttribute
PresentSelectorTest,testValidate,validate,ExtraAttribute
SizeSelectorTest,testValidate,validate,ExtraAttribute
TypeSelectorTest,testValidate,validate,ExtraAttribute
ChecksumTest,testSetProperty,setProperty,JarLibAvailableTask
XmlValidateTest,testValidate,validate,JarLibAvailableTask
ContainsSelectorTest,testValidate,validate,JarLibAvailableTask
DateSelectorTest,testValidate,validate,JarLibAvailableTask
DepthSelectorTest,testValidate,validate,JarLibAvailableTask
FilenameSelectorTest,testValidate,validate,JarLibAvailableTask
PresentSelectorTest,testValidate,validate,JarLibAvailableTask
SizeSelectorTest,testValidate,validate,JarLibAvailableTask
TypeSelectorTest,testValidate,validate,JarLibAvailableTask
XmlValidateTest,testValidate,validate,JarLibDisplayTask
ContainsSelectorTest,testValidate,validate,JarLibDisplayTask
DateSelectorTest,testValidate,validate,JarLibDisplayTask
DepthSelectorTest,testValidate,validate,JarLibDisplayTask
FilenameSelectorTest,testValidate,validate,JarLibDisplayTask
PresentSelectorTest,testValidate,validate,JarLibDisplayTask
SizeSelectorTest,testValidate,validate,JarLibDisplayTask
TypeSelectorTest,testValidate,validate,JarLibDisplayTask
XmlValidateTest,testValidate,validate,JarLibManifestTask
ContainsSelectorTest,testValidate,validate,JarLibManifestTask
DateSelectorTest,testValidate,validate,JarLibManifestTask
DepthSelectorTest,testValidate,validate,JarLibManifestTask
FilenameSelectorTest,testValidate,validate,JarLibManifestTask
PresentSelectorTest,testValidate,validate,JarLibManifestTask
SizeSelectorTest,testValidate,validate,JarLibManifestTask
TypeSelectorTest,testValidate,validate,JarLibManifestTask
ChecksumTest,testSetProperty,setProperty,JarLibResolveTask
XmlValidateTest,testValidate,validate,JarLibResolveTask
ContainsSelectorTest,testValidate,validate,JarLibResolveTask
DateSelectorTest,testValidate,validate,JarLibResolveTask
DepthSelectorTest,testValidate,validate,JarLibResolveTask
FilenameSelectorTest,testValidate,validate,JarLibResolveTask
PresentSelectorTest,testValidate,validate,JarLibResolveTask
SizeSelectorTest,testValidate,validate,JarLibResolveTask
TypeSelectorTest,testValidate,validate,JarLibResolveTask
XmlValidateTest,testValidate,validate,AntResolver
ContainsSelectorTest,testValidate,validate,AntResolver
DateSelectorTest,testValidate,validate,AntResolver
DepthSelectorTest,testValidate,validate,AntResolver
FilenameSelectorTest,testValidate,validate,AntResolver
PresentSelectorTest,testValidate,validate,AntResolver
SizeSelectorTest,testValidate,validate,AntResolver
TypeSelectorTest,testValidate,validate,AntResolver
CommandlineTest,testToString,toString,AntResolver
DirSetTest,testToString,toString,AntResolver
PathTest,testSetLocation,setLocation,LocationResolver
CommandlineTest,testToString,toString,LocationResolver
DirSetTest,testToString,toString,LocationResolver
XmlValidateTest,testValidate,validate,URLResolver
ContainsSelectorTest,testValidate,validate,URLResolver
DateSelectorTest,testValidate,validate,URLResolver
DepthSelectorTest,testValidate,validate,URLResolver
FilenameSelectorTest,testValidate,validate,URLResolver
PresentSelectorTest,testValidate,validate,URLResolver
SizeSelectorTest,testValidate,validate,URLResolver
TypeSelectorTest,testValidate,validate,URLResolver
CommandlineTest,testToString,toString,URLResolver
DirSetTest,testToString,toString,URLResolver
CommandlineTest,testToString,toString,Specification
DirSetTest,testToString,toString,Specification
VectorSetTest,testAdd,add,Image
VectorSetTest,testAdd,add,Image
VectorSetTest,testAdd,add,Javah
AntClassLoaderTest,testGetPackage,getPackage,JspC
TokenFilterTest,testReplaceString,replaceString,WLJspc
AbstractXSLTLiaisonTest,testTransform,transform,AggregateTransformer
DOMUtilTest,testListChildNodes,listChildNodes,DOMUtil
TarOutputStreamTest,testClose,close,DelayedFileOutputStream
ExtendedTaskdefTest,testRun,run,JunitTestThread
JavaTest,testRun,run,JunitTestThread
DeweyDecimalTest,testEquals,equals,ForkedTestConfiguration
ZipLongTest,testEquals,equals,ForkedTestConfiguration
ZipShortTest,testEquals,equals,ForkedTestConfiguration
DeweyDecimalTest,testHashCode,hashCode,ForkedTestConfiguration
AntClassLoaderTest,testCleanup,cleanup,JUnitTask
MSVSSTest,testGetCommandLine,getCommandline,JUnitTask
CommandlineJavaTest,testGetCommandline,getCommandline,JUnitTask
ExtendedTaskdefTest,testRun,run,JUnitTestRunnerMirror
JavaTest,testRun,run,JUnitTestRunnerMirror
ExtendedTaskdefTest,testRun,run,DefaultNative2Ascii
JavaTest,testRun,run,DefaultNative2Ascii
ExtendedTaskdefTest,testRun,run,KaffeNative2Ascii
JavaTest,testRun,run,KaffeNative2Ascii
ExtendedTaskdefTest,testRun,run,SunNative2Ascii
JavaTest,testRun,run,SunNative2Ascii
VectorSetTest,testAdd,add,Native2Ascii
VectorSetTest,testAdd,add,Native2Ascii
CommandlineTest,testToString,toString,AntFTPFile
DirSetTest,testToString,toString,AntFTPFile
ProjectTest,testResolveFile,resolveFile,FTP
FileUtilsTest,testResolveFile,resolveFile,FTP
CommandlineTest,testToString,toString,AntFTPFile
DirSetTest,testToString,toString,AntFTPFile
ProjectTest,testResolveFile,resolveFile,FTPTaskMirrorImpl
FileUtilsTest,testResolveFile,resolveFile,FTPTaskMirrorImpl
IntrospectionHelperTest,testAddText,addText,RExecSubTask
IntrospectionHelperTest,testAddText,addText,TelnetSubTask
ConditionTest,testSetValue,setValue,Entry
AddTypeTest,testAddConfigured,addConfigured,ReplaceRegExp
DeweyDecimalTest,testEquals,equals,SchemaLocation
ZipLongTest,testEquals,equals,SchemaLocation
ZipShortTest,testEquals,equals,SchemaLocation
DeweyDecimalTest,testHashCode,hashCode,SchemaLocation
CommandlineTest,testToString,toString,SchemaLocation
DirSetTest,testToString,toString,SchemaLocation
VectorSetTest,testAddElement,addElement,ScriptDef
IntrospectionHelperTest,testAddText,addText,ScriptDef
VectorSetTest,testAdd,add,ScriptDef
IntrospectionHelperTest,testAddText,addText,ScriptDefBase
EchoXMLTest,testFail,fail,ScriptDefBase
ParallelTest,testFail,fail,ScriptDefBase
IntrospectionHelperTest,testAddText,addText,Script
ExtendedTaskdefTest,testRun,run,SOS
JavaTest,testRun,run,SOS
ManifestTest,testUpdate,update,AntSoundPlayer
DeweyDecimalTest,testEquals,equals,Directory
ZipLongTest,testEquals,equals,Directory
ZipShortTest,testEquals,equals,Directory
DeweyDecimalTest,testHashCode,hashCode,Directory
VectorSetTest,testAdd,add,Scp
FileUtilsTest,testSetLastModified,setLastModified,ScpFromMessage
IntrospectionHelperTest,testAddText,addText,BlockFor
AbstractXSLTLiaisonTest,testTransform,transform,TraXLiaison
JAXPUtilsTest,testGetSystemId,getSystemId,TraXLiaison
SymlinkTest,testSingle,single,Symlink
SymlinkTest,testDelete,delete,Symlink
JarTest,testRecreate,recreate,Symlink
SymlinkTest,testRecreate,recreate,Symlink
SymlinkTest,testRecord,record,Symlink
ExtendedTaskdefTest,testRun,run,MSVSS
JavaTest,testRun,run,MSVSS
ConditionTest,testSetValue,setValue,Attribute
ConditionTest,testSetValue,setValue,Property
AntClassLoaderTest,testCleanup,cleanup,XMLValidateTask
ChecksumTest,testSetProperty,setProperty,XMLValidateTask
AddTypeTest,testAddConfigured,addConfigured,Pack
XmlValidateTest,testValidate,validate,Pack
ContainsSelectorTest,testValidate,validate,Pack
DateSelectorTest,testValidate,validate,Pack
DepthSelectorTest,testValidate,validate,Pack
FilenameSelectorTest,testValidate,validate,Pack
PresentSelectorTest,testValidate,validate,Pack
SizeSelectorTest,testValidate,validate,Pack
TypeSelectorTest,testValidate,validate,Pack
ExtendedTaskdefTest,testRun,run,TaskRunnable
JavaTest,testRun,run,TaskRunnable
VectorSetTest,testAdd,add,PathConvert
ChecksumTest,testSetProperty,setProperty,PathConvert
DOMElementWriterTest,testIsReference,isReference,PathConvert
VectorSetTest,testAdd,add,PathConvert
ExtendedTaskdefTest,testRun,run,ProcessDestroyerImpl
JavaTest,testRun,run,ProcessDestroyerImpl
VectorSetTest,testAdd,add,ProcessDestroyer
LayoutPreservingPropertiesTest,testRemove,remove,ProcessDestroyer
LinkedHashtableTest,testRemove,remove,ProcessDestroyer
ExtendedTaskdefTest,testRun,run,ProcessDestroyer
JavaTest,testRun,run,ProcessDestroyer
AddTypeTest,testAddConfigured,addConfigured,ProjectHelperTask
PathTest,testSetLocation,setLocation,Property
ConditionTest,testSetValue,setValue,Property
ConditionTest,testSetValue,setValue,Property
IntrospectionHelperTest,testAddText,addText,Property
CommandlineTest,testToString,toString,Property
DirSetTest,testToString,toString,Property
AddTypeTest,testAddConfigured,addConfigured,PropertyHelperTask
AddTypeTest,testAddConfigured,addConfigured,PropertyHelperTask
AntClassLoaderTest,testCleanup,cleanup,Recorder
AntClassLoaderTest,testCleanup,cleanup,RecorderEntry
TarOutputStreamTest,testClose,close,PropertyOutputStream
IntrospectionHelperTest,testAddText,addText,NestedString
XmlValidateTest,testValidate,validate,Replacefilter
ContainsSelectorTest,testValidate,validate,Replacefilter
DateSelectorTest,testValidate,validate,Replacefilter
DepthSelectorTest,testValidate,validate,Replacefilter
FilenameSelectorTest,testValidate,validate,Replacefilter
PresentSelectorTest,testValidate,validate,Replacefilter
SizeSelectorTest,testValidate,validate,Replacefilter
TypeSelectorTest,testValidate,validate,Replacefilter
ConditionTest,testSetValue,setValue,Replacefilter
ChecksumTest,testSetProperty,setProperty,Replacefilter
ManifestTest,testReplace,replace,Replacefilter
ReplaceRegExpTest,testReplace,replace,Replacefilter
StringUtilsTest,testReplace,replace,Replacefilter
TarOutputStreamTest,testClose,close,FileInput
TarOutputStreamTest,testClose,close,FileOutput
ConditionTest,testSetValue,setValue,Replace
AddTypeTest,testAddConfigured,addConfigured,Replace
VectorSetTest,testAdd,add,ResourceCount
ChecksumTest,testSetProperty,setProperty,ResourceCount
VectorSetTest,testAdd,add,Rmic
AntClassLoaderTest,testCleanup,cleanup,Rmic
VectorSetTest,testAdd,add,SignJar
XmlValidateTest,testValidate,validate,Sleep
ContainsSelectorTest,testValidate,validate,Sleep
DateSelectorTest,testValidate,validate,Sleep
DepthSelectorTest,testValidate,validate,Sleep
FilenameSelectorTest,testValidate,validate,Sleep
PresentSelectorTest,testValidate,validate,Sleep
SizeSelectorTest,testValidate,validate,Sleep
TypeSelectorTest,testValidate,validate,Sleep
IntrospectionHelperTest,testAddText,addText,Transaction
AddTypeTest,testAddConfigured,addConfigured,Transaction
IntrospectionHelperTest,testAddText,addText,SQLExec
VectorSetTest,testAdd,add,SQLExec
ChecksumTest,testSetProperty,setProperty,SQLExec
ExtendedTaskdefTest,testRun,run,StreamPumper
JavaTest,testRun,run,StreamPumper
VectorSetTest,testAdd,add,SubAnt
VectorSetTest,testAdd,add,Sync
VectorSetTest,testAdd,add,Tar
ChecksumTest,testSetProperty,setProperty,TempFile
VectorSetTest,testAdd,add,Touch
VectorSetTest,testAdd,add,Touch
VectorSetTest,testAdd,add,Truncate
ChecksumTest,testSetProperty,setProperty,CustomFormat
ChecksumTest,testSetProperty,setProperty,Tstamp
AddTypeTest,testAddConfigured,addConfigured,Unpack
XmlValidateTest,testValidate,validate,Unpack
ContainsSelectorTest,testValidate,validate,Unpack
DateSelectorTest,testValidate,validate,Unpack
DepthSelectorTest,testValidate,validate,Unpack
FilenameSelectorTest,testValidate,validate,Unpack
PresentSelectorTest,testValidate,validate,Unpack
SizeSelectorTest,testValidate,validate,Unpack
TypeSelectorTest,testValidate,validate,Unpack
ChecksumTest,testSetProperty,setProperty,UpToDate
ConditionTest,testSetValue,setValue,UpToDate
VectorSetTest,testAdd,add,UpToDate
CommandlineTest,testToString,toString,BufferingOutputFilter
DirSetTest,testToString,toString,BufferingOutputFilter
ScriptMapperTest,testClear,clear,BufferingOutputFilter
LayoutPreservingPropertiesTest,testClear,clear,BufferingOutputFilter
LinkedHashtableTest,testClear,clear,BufferingOutputFilter
VectorSetTest,testClear,clear,BufferingOutputFilter
TarOutputStreamTest,testClose,close,BufferingOutputFilterReader
CommandlineTest,testToString,toString,BufferingOutputFilterReader
DirSetTest,testToString,toString,BufferingOutputFilterReader
ScriptMapperTest,testClear,clear,BufferingOutputFilterReader
LayoutPreservingPropertiesTest,testClear,clear,BufferingOutputFilterReader
LinkedHashtableTest,testClear,clear,BufferingOutputFilterReader
VectorSetTest,testClear,clear,BufferingOutputFilterReader
AntClassLoaderTest,testCleanup,cleanUp,War
XmlValidateTest,testValidate,validate,WhichResource
ContainsSelectorTest,testValidate,validate,WhichResource
DateSelectorTest,testValidate,validate,WhichResource
DepthSelectorTest,testValidate,validate,WhichResource
FilenameSelectorTest,testValidate,validate,WhichResource
PresentSelectorTest,testValidate,validate,WhichResource
SizeSelectorTest,testValidate,validate,WhichResource
TypeSelectorTest,testValidate,validate,WhichResource
ChecksumTest,testSetProperty,setProperty,WhichResource
AddTypeTest,testAddConfigured,addConfigured,XmlProperty
ProjectTest,testResolveFile,resolveFile,XmlProperty
FileUtilsTest,testResolveFile,resolveFile,XmlProperty
AbstractXSLTLiaisonTest,testTransform,transform,XSLTLiaison
ConditionTest,testSetValue,setValue,OutputProperty
ConditionTest,testSetValue,setValue,Feature
IntrospectionHelperTest,testGetAttributes,getAttributes,Factory
VectorSetTest,testAdd,add,XSLTProcess
VectorSetTest,testAdd,add,XSLTProcess
VectorSetTest,testAdd,add,Zip
AntClassLoaderTest,testCleanup,cleanUp,Zip
LinkedHashtableTest,testIsEmpty,isEmpty,Zip
AddTypeTest,testAddSelector,addSelector,AbstractFileSet
VectorSetTest,testAdd,add,AbstractFileSet
CommandlineTest,testToString,toString,AbstractFileSet
DirSetTest,testToString,toString,AbstractFileSet
ProjectComponentTest,testClone,clone,AbstractFileSet
LayoutPreservingPropertiesTest,testClone,clone,AbstractFileSet
LinkedHashtableTest,testClone,clone,AbstractFileSet
VectorSetTest,testClone,clone,AbstractFileSet
AsiExtraFieldTest,testClone,clone,AbstractFileSet
ZipLongTest,testClone,clone,AbstractFileSet
ZipShortTest,testClone,clone,AbstractFileSet
AddTypeTest,testAddConfigured,addConfigured,ArchiveFileSet
LinkedHashtableTest,testSize,size,ArchiveFileSet
ProjectComponentTest,testClone,clone,ArchiveFileSet
LayoutPreservingPropertiesTest,testClone,clone,ArchiveFileSet
LinkedHashtableTest,testClone,clone,ArchiveFileSet
VectorSetTest,testClone,clone,ArchiveFileSet
AsiExtraFieldTest,testClone,clone,ArchiveFileSet
ZipLongTest,testClone,clone,ArchiveFileSet
ZipShortTest,testClone,clone,ArchiveFileSet
CommandlineTest,testToString,toString,ArchiveFileSet
DirSetTest,testToString,toString,ArchiveFileSet
LinkedHashtableTest,testSize,size,Assertions
ProjectComponentTest,testClone,clone,Assertions
LayoutPreservingPropertiesTest,testClone,clone,Assertions
LinkedHashtableTest,testClone,clone,Assertions
VectorSetTest,testClone,clone,Assertions
AsiExtraFieldTest,testClone,clone,Assertions
ZipLongTest,testClone,clone,Assertions
ZipShortTest,testClone,clone,Assertions
ConditionTest,testSetValue,setValue,Argument
MSVSSTest,testGetCommandLine,getCommandline,Commandline
CommandlineJavaTest,testGetCommandline,getCommandline,Commandline
CommandlineTest,testToString,toString,Commandline
DirSetTest,testToString,toString,Commandline
CommandlineTest,testToString,toString,Commandline
DirSetTest,testToString,toString,Commandline
LinkedHashtableTest,testSize,size,Commandline
ProjectComponentTest,testClone,clone,Commandline
LayoutPreservingPropertiesTest,testClone,clone,Commandline
LinkedHashtableTest,testClone,clone,Commandline
VectorSetTest,testClone,clone,Commandline
AsiExtraFieldTest,testClone,clone,Commandline
ZipLongTest,testClone,clone,Commandline
ZipShortTest,testClone,clone,Commandline
ScriptMapperTest,testClear,clear,Commandline
LayoutPreservingPropertiesTest,testClear,clear,Commandline
LinkedHashtableTest,testClear,clear,Commandline
VectorSetTest,testClear,clear,Commandline
LinkedHashtableTest,testSize,size,SysProperties
ProjectComponentTest,testClone,clone,SysProperties
LayoutPreservingPropertiesTest,testClone,clone,SysProperties
LinkedHashtableTest,testClone,clone,SysProperties
VectorSetTest,testClone,clone,SysProperties
AsiExtraFieldTest,testClone,clone,SysProperties
ZipLongTest,testClone,clone,SysProperties
ZipShortTest,testClone,clone,SysProperties
MSVSSTest,testGetCommandLine,getCommandline,CommandlineJava
CommandlineJavaTest,testGetCommandline,getCommandline,CommandlineJava
CommandlineTest,testToString,toString,CommandlineJava
DirSetTest,testToString,toString,CommandlineJava
LinkedHashtableTest,testSize,size,CommandlineJava
ProjectComponentTest,testClone,clone,CommandlineJava
LayoutPreservingPropertiesTest,testClone,clone,CommandlineJava
LinkedHashtableTest,testClone,clone,CommandlineJava
VectorSetTest,testClone,clone,CommandlineJava
AsiExtraFieldTest,testClone,clone,CommandlineJava
ZipLongTest,testClone,clone,CommandlineJava
ZipShortTest,testClone,clone,CommandlineJava
DOMElementWriterTest,testIsReference,isReference,DataType
PropertyTest,testCircularReference,circularReference,DataType
ResourceListTest,testCircularReference,circularReference,DataType
CommandlineTest,testToString,toString,DataType
DirSetTest,testToString,toString,DataType
ProjectComponentTest,testClone,clone,DataType
LayoutPreservingPropertiesTest,testClone,clone,DataType
LinkedHashtableTest,testClone,clone,DataType
VectorSetTest,testClone,clone,DataType
AsiExtraFieldTest,testClone,clone,DataType
ZipLongTest,testClone,clone,DataType
ZipShortTest,testClone,clone,DataType
IntrospectionHelperTest,testAddText,addText,Description
ProjectComponentTest,testClone,clone,DirSet
LayoutPreservingPropertiesTest,testClone,clone,DirSet
LinkedHashtableTest,testClone,clone,DirSet
VectorSetTest,testClone,clone,DirSet
AsiExtraFieldTest,testClone,clone,DirSet
ZipLongTest,testClone,clone,DirSet
ZipShortTest,testClone,clone,DirSet
LinkedHashtableTest,testSize,size,DirSet
CommandlineTest,testToString,toString,DirSet
DirSetTest,testToString,toString,DirSet
ConditionTest,testSetValue,setValue,EnumeratedAttribute
CommandlineTest,testToString,toString,EnumeratedAttribute
DirSetTest,testToString,toString,EnumeratedAttribute
ConditionTest,testSetValue,setValue,Variable
XmlValidateTest,testValidate,validate,Variable
ContainsSelectorTest,testValidate,validate,Variable
DateSelectorTest,testValidate,validate,Variable
DepthSelectorTest,testValidate,validate,Variable
FilenameSelectorTest,testValidate,validate,Variable
PresentSelectorTest,testValidate,validate,Variable
SizeSelectorTest,testValidate,validate,Variable
TypeSelectorTest,testValidate,validate,Variable
LinkedHashtableTest,testSize,size,FileList
ProjectComponentTest,testClone,clone,FileSet
LayoutPreservingPropertiesTest,testClone,clone,FileSet
LinkedHashtableTest,testClone,clone,FileSet
VectorSetTest,testClone,clone,FileSet
AsiExtraFieldTest,testClone,clone,FileSet
ZipLongTest,testClone,clone,FileSet
ZipShortTest,testClone,clone,FileSet
LinkedHashtableTest,testSize,size,FileSet
VectorSetTest,testAdd,add,FilterChain
ConditionTest,testSetValue,setValue,Filter
ReplaceTokensTest,testReplaceTokens,replaceTokens,FilterSet
AddTypeTest,testAddFilter,addFilter,FilterSet
AddTypeTest,testAddFilter,addFilter,FilterSet
ProjectComponentTest,testClone,clone,FilterSet
LayoutPreservingPropertiesTest,testClone,clone,FilterSet
LinkedHashtableTest,testClone,clone,FilterSet
VectorSetTest,testClone,clone,FilterSet
AsiExtraFieldTest,testClone,clone,FilterSet
ZipLongTest,testClone,clone,FilterSet
ZipShortTest,testClone,clone,FilterSet
ReplaceTokensTest,testReplaceTokens,replaceTokens,FilterSet
ReplaceTokensTest,testReplaceTokens,replaceTokens,FilterSetCollection
CommandlineTest,testToString,toString,FlexInteger
DirSetTest,testToString,toString,FlexInteger
AddTypeTest,testAddConfigured,addConfigured,Mapper
VectorSetTest,testAdd,add,Mapper
IntrospectionHelperTest,testAddText,addText,AbstractScriptComponent
ProjectComponentTest,testClone,clone,ClassfileSet
LayoutPreservingPropertiesTest,testClone,clone,ClassfileSet
LinkedHashtableTest,testClone,clone,ClassfileSet
VectorSetTest,testClone,clone,ClassfileSet
AsiExtraFieldTest,testClone,clone,ClassfileSet
ZipLongTest,testClone,clone,ClassfileSet
ZipShortTest,testClone,clone,ClassfileSet
IntrospectionHelperTest,testAddText,addText,Draw
IntrospectionHelperTest,testAddText,addText,ImageOperation
ConditionTest,testSetValue,setValue,ScriptCondition
ConcatTest,testFilter,filter,ScriptFilter
IntrospectionHelperTest,testAddText,addText,ScriptFilter
ScriptMapperTest,testClear,clear,ScriptMapper
LayoutPreservingPropertiesTest,testClear,clear,ScriptMapper
LinkedHashtableTest,testClear,clear,ScriptMapper
VectorSetTest,testClear,clear,ScriptMapper
IntrospectionHelperTest,testAddText,addText,ScriptSelector
ConditionTest,testSetValue,setValue,Parameter
PathTest,testSetLocation,setLocation,PathElement
LinkedHashtableTest,testSize,size,PathElement
PathTest,testSetLocation,setLocation,Path
VectorSetTest,testAdd,add,Path
VectorSetTest,testAdd,add,Path
ConcatTest,testAppend,append,Path
RecorderTest,testAppend,append,Path
CommandlineTest,testToString,toString,Path
DirSetTest,testToString,toString,Path
LinkedHashtableTest,testSize,size,Path
ProjectComponentTest,testClone,clone,Path
LayoutPreservingPropertiesTest,testClone,clone,Path
LinkedHashtableTest,testClone,clone,Path
VectorSetTest,testClone,clone,Path
AsiExtraFieldTest,testClone,clone,Path
ZipLongTest,testClone,clone,Path
ZipShortTest,testClone,clone,Path
ProjectTest,testResolveFile,resolveFile,Path
FileUtilsTest,testResolveFile,resolveFile,Path
CommandlineTest,testToString,toString,NameEntry
DirSetTest,testToString,toString,NameEntry
CommandlineTest,testToString,toString,PatternFileNameEntry
DirSetTest,testToString,toString,PatternFileNameEntry
ConcatTest,testAppend,append,PatternSet
RecorderTest,testAppend,append,PatternSet
CommandlineTest,testToString,toString,PatternSet
DirSetTest,testToString,toString,PatternSet
ProjectComponentTest,testClone,clone,PatternSet
LayoutPreservingPropertiesTest,testClone,clone,PatternSet
LinkedHashtableTest,testClone,clone,PatternSet
VectorSetTest,testClone,clone,PatternSet
AsiExtraFieldTest,testClone,clone,PatternSet
ZipLongTest,testClone,clone,PatternSet
ZipShortTest,testClone,clone,PatternSet
RegexpMatcherTest,testMatches,matches,Permission
CommandlineTest,testToString,toString,Permission
DirSetTest,testToString,toString,Permission
CommandlineTest,testToString,toString,PropertyRef
DirSetTest,testToString,toString,PropertyRef
VectorSetTest,testAdd,add,PropertySet
CommandlineTest,testToString,toString,PropertySet
DirSetTest,testToString,toString,PropertySet
LinkedHashtableTest,testSize,size,PropertySet
FileUtilsTest,testSetLastModified,setLastModified,Resource
ProjectComponentTest,testClone,clone,Resource
LayoutPreservingPropertiesTest,testClone,clone,Resource
LinkedHashtableTest,testClone,clone,Resource
VectorSetTest,testClone,clone,Resource
AsiExtraFieldTest,testClone,clone,Resource
ZipLongTest,testClone,clone,Resource
ZipShortTest,testClone,clone,Resource
DeweyDecimalTest,testEquals,equals,Resource
ZipLongTest,testEquals,equals,Resource
ZipShortTest,testEquals,equals,Resource
DeweyDecimalTest,testHashCode,hashCode,Resource
LinkedHashtableTest,testSize,size,Resource
CommandlineTest,testToString,toString,Resource
DirSetTest,testToString,toString,Resource
LinkedHashtableTest,testSize,size,ResourceCollection
PathTest,testSetLocation,setLocation,ResourceLocation
AntClassLoaderTest,testCleanup,cleanup,ClassLoaderWithFlag
VectorSetTest,testAdd,add,AbstractResourceCollectionWrapper
LinkedHashtableTest,testSize,size,AbstractResourceCollectionWrapper
CommandlineTest,testToString,toString,AbstractResourceCollectionWrapper
DirSetTest,testToString,toString,AbstractResourceCollectionWrapper
LinkedHashtableTest,testSize,size,AllButFirst
LinkedHashtableTest,testSize,size,AllButLast
AddTypeTest,testAddConfigured,addConfigured,ArchiveResource
DeweyDecimalTest,testEquals,equals,ArchiveResource
ZipLongTest,testEquals,equals,ArchiveResource
ZipShortTest,testEquals,equals,ArchiveResource
DeweyDecimalTest,testHashCode,hashCode,ArchiveResource
CommandlineTest,testToString,toString,ArchiveResource
DirSetTest,testToString,toString,ArchiveResource
LinkedHashtableTest,testSize,size,Archives
ProjectComponentTest,testClone,clone,Archives
LayoutPreservingPropertiesTest,testClone,clone,Archives
LinkedHashtableTest,testClone,clone,Archives
VectorSetTest,testClone,clone,Archives
AsiExtraFieldTest,testClone,clone,Archives
ZipLongTest,testClone,clone,Archives
ZipShortTest,testClone,clone,Archives
ScriptMapperTest,testClear,clear,BaseResourceCollectionContainer
LayoutPreservingPropertiesTest,testClear,clear,BaseResourceCollectionContainer
LinkedHashtableTest,testClear,clear,BaseResourceCollectionContainer
VectorSetTest,testClear,clear,BaseResourceCollectionContainer
VectorSetTest,testAdd,add,BaseResourceCollectionContainer
VectorSetTest,testAddAll,addAll,BaseResourceCollectionContainer
LinkedHashtableTest,testSize,size,BaseResourceCollectionContainer
ProjectComponentTest,testClone,clone,BaseResourceCollectionContainer
LayoutPreservingPropertiesTest,testClone,clone,BaseResourceCollectionContainer
LinkedHashtableTest,testClone,clone,BaseResourceCollectionContainer
VectorSetTest,testClone,clone,BaseResourceCollectionContainer
AsiExtraFieldTest,testClone,clone,BaseResourceCollectionContainer
ZipLongTest,testClone,clone,BaseResourceCollectionContainer
ZipShortTest,testClone,clone,BaseResourceCollectionContainer
CommandlineTest,testToString,toString,BaseResourceCollectionContainer
DirSetTest,testToString,toString,BaseResourceCollectionContainer
LinkedHashtableTest,testSize,size,BCFileSet
VectorSetTest,testAdd,add,DelegatedResourceComparator
DeweyDecimalTest,testEquals,equals,DelegatedResourceComparator
ZipLongTest,testEquals,equals,DelegatedResourceComparator
ZipShortTest,testEquals,equals,DelegatedResourceComparator
DeweyDecimalTest,testHashCode,hashCode,DelegatedResourceComparator
DeweyDecimalTest,testEquals,equals,ResourceComparator
ZipLongTest,testEquals,equals,ResourceComparator
ZipShortTest,testEquals,equals,ResourceComparator
DeweyDecimalTest,testHashCode,hashCode,ResourceComparator
VectorSetTest,testAdd,add,Reverse
CommandlineTest,testToString,toString,CompressedResource
DirSetTest,testToString,toString,CompressedResource
VectorSetTest,testAdd,add,FailFast
LayoutPreservingPropertiesTest,testRemove,remove,FailFast
LinkedHashtableTest,testRemove,remove,FailFast
LayoutPreservingPropertiesTest,testRemove,remove,FailFast
LinkedHashtableTest,testRemove,remove,FailFast
DeweyDecimalTest,testEquals,equals,FileResource
ZipLongTest,testEquals,equals,FileResource
ZipShortTest,testEquals,equals,FileResource
DeweyDecimalTest,testHashCode,hashCode,FileResource
CommandlineTest,testToString,toString,FileResource
DirSetTest,testToString,toString,FileResource
LayoutPreservingPropertiesTest,testRemove,remove,FileResourceIterator
LinkedHashtableTest,testRemove,remove,FileResourceIterator
LinkedHashtableTest,testSize,size,Files
CommandlineTest,testToString,toString,Files
DirSetTest,testToString,toString,Files
ProjectComponentTest,testClone,clone,Files
LayoutPreservingPropertiesTest,testClone,clone,Files
LinkedHashtableTest,testClone,clone,Files
VectorSetTest,testClone,clone,Files
AsiExtraFieldTest,testClone,clone,Files
ZipLongTest,testClone,clone,Files
ZipShortTest,testClone,clone,Files
LayoutPreservingPropertiesTest,testRemove,remove,FilteringIterator
LinkedHashtableTest,testRemove,remove,FilteringIterator
LayoutPreservingPropertiesTest,testRemove,remove,CachedIterator
LinkedHashtableTest,testRemove,remove,CachedIterator
DeweyDecimalTest,testHashCode,hashCode,MappedResource
DeweyDecimalTest,testEquals,equals,MappedResource
ZipLongTest,testEquals,equals,MappedResource
ZipShortTest,testEquals,equals,MappedResource
CommandlineTest,testToString,toString,MappedResource
DirSetTest,testToString,toString,MappedResource
VectorSetTest,testAdd,add,MappedResourceCollection
VectorSetTest,testAdd,add,MappedResourceCollection
LinkedHashtableTest,testSize,size,MappedResourceCollection
ProjectComponentTest,testClone,clone,MappedResourceCollection
LayoutPreservingPropertiesTest,testClone,clone,MappedResourceCollection
LinkedHashtableTest,testClone,clone,MappedResourceCollection
VectorSetTest,testClone,clone,MappedResourceCollection
AsiExtraFieldTest,testClone,clone,MappedResourceCollection
ZipLongTest,testClone,clone,MappedResourceCollection
ZipShortTest,testClone,clone,MappedResourceCollection
CommandlineTest,testToString,toString,MappedResourceCollection
DirSetTest,testToString,toString,MappedResourceCollection
LinkedHashtableTest,testSize,size,Worker
ProjectComponentTest,testClone,clone,MultiRootFileSet
LayoutPreservingPropertiesTest,testClone,clone,MultiRootFileSet
LinkedHashtableTest,testClone,clone,MultiRootFileSet
VectorSetTest,testClone,clone,MultiRootFileSet
AsiExtraFieldTest,testClone,clone,MultiRootFileSet
ZipLongTest,testClone,clone,MultiRootFileSet
ZipShortTest,testClone,clone,MultiRootFileSet
LinkedHashtableTest,testSize,size,MultiRootFileSet
CommandlineTest,testToString,toString,MultiRootFileSet
DirSetTest,testToString,toString,MultiRootFileSet
ExtraFieldUtilsTest,testMerge,merge,MultiRootFileSet
DeweyDecimalTest,testEquals,equals,PropertyResource
ZipLongTest,testEquals,equals,PropertyResource
ZipShortTest,testEquals,equals,PropertyResource
DeweyDecimalTest,testHashCode,hashCode,PropertyResource
CommandlineTest,testToString,toString,PropertyResource
DirSetTest,testToString,toString,PropertyResource
AddTypeTest,testAddConfigured,addConfigured,ResourceDecorator
DeweyDecimalTest,testHashCode,hashCode,ResourceDecorator
FileUtilsTest,testSetLastModified,setLastModified,ResourceDecorator
VectorSetTest,testAdd,add,ResourceList
LinkedHashtableTest,testSize,size,ResourceList
DependTest,testCache,cache,ResourceList
ExtraFieldUtilsTest,testParse,parse,ResourceList
LayoutPreservingPropertiesTest,testRemove,remove,MyIterator
LinkedHashtableTest,testRemove,remove,MyIterator
LinkedHashtableTest,testSize,size,MyCollection
VectorSetTest,testAdd,add,Resources
LinkedHashtableTest,testSize,size,Resources
CommandlineTest,testToString,toString,Resources
DirSetTest,testToString,toString,Resources
XmlValidateTest,testValidate,validate,Resources
ContainsSelectorTest,testValidate,validate,Resources
DateSelectorTest,testValidate,validate,Resources
DepthSelectorTest,testValidate,validate,Resources
FilenameSelectorTest,testValidate,validate,Resources
PresentSelectorTest,testValidate,validate,Resources
SizeSelectorTest,testValidate,validate,Resources
TypeSelectorTest,testValidate,validate,Resources
VectorSetTest,testAdd,add,Restrict
VectorSetTest,testAdd,add,Restrict
LinkedHashtableTest,testSize,size,Restrict
CommandlineTest,testToString,toString,Restrict
DirSetTest,testToString,toString,Restrict
VectorSetTest,testAdd,add,Compare
RegexpMatcherTest,testMatches,matches,Name
VectorSetTest,testAdd,add,Not
VectorSetTest,testAdd,add,ResourceSelectorContainer
LinkedHashtableTest,testSize,size,SizeLimitCollection
VectorSetTest,testAdd,add,Sort
TarOutputStreamTest,testClose,close,StringResourceFilterOutputStream
ConditionTest,testSetValue,setValue,StringResource
IntrospectionHelperTest,testAddText,addText,StringResource
DeweyDecimalTest,testHashCode,hashCode,StringResource
CommandlineTest,testToString,toString,StringResource
DirSetTest,testToString,toString,StringResource
VectorSetTest,testAdd,add,Tokens
CommandlineTest,testToString,toString,URLResource
DirSetTest,testToString,toString,URLResource
DeweyDecimalTest,testEquals,equals,URLResource
ZipLongTest,testEquals,equals,URLResource
ZipShortTest,testEquals,equals,URLResource
DeweyDecimalTest,testHashCode,hashCode,URLResource
TarOutputStreamTest,testClose,close,URLResource
AddTypeTest,testAddConfigured,addConfigured,ZipResource
CommandlineTest,testToString,toString,AbstractSelectorContainer
DirSetTest,testToString,toString,AbstractSelectorContainer
XmlValidateTest,testValidate,validate,AbstractSelectorContainer
ContainsSelectorTest,testValidate,validate,AbstractSelectorContainer
DateSelectorTest,testValidate,validate,AbstractSelectorContainer
DepthSelectorTest,testValidate,validate,AbstractSelectorContainer
FilenameSelectorTest,testValidate,validate,AbstractSelectorContainer
PresentSelectorTest,testValidate,validate,AbstractSelectorContainer
SizeSelectorTest,testValidate,validate,AbstractSelectorContainer
TypeSelectorTest,testValidate,validate,AbstractSelectorContainer
AddTypeTest,testAddSelector,addSelector,AbstractSelectorContainer
VectorSetTest,testAdd,add,AbstractSelectorContainer
ProjectComponentTest,testClone,clone,AbstractSelectorContainer
LayoutPreservingPropertiesTest,testClone,clone,AbstractSelectorContainer
LinkedHashtableTest,testClone,clone,AbstractSelectorContainer
VectorSetTest,testClone,clone,AbstractSelectorContainer
AsiExtraFieldTest,testClone,clone,AbstractSelectorContainer
ZipLongTest,testClone,clone,AbstractSelectorContainer
ZipShortTest,testClone,clone,AbstractSelectorContainer
CommandlineTest,testToString,toString,AndSelector
DirSetTest,testToString,toString,AndSelector
XmlValidateTest,testValidate,validate,BaseSelector
ContainsSelectorTest,testValidate,validate,BaseSelector
DateSelectorTest,testValidate,validate,BaseSelector
DepthSelectorTest,testValidate,validate,BaseSelector
FilenameSelectorTest,testValidate,validate,BaseSelector
PresentSelectorTest,testValidate,validate,BaseSelector
SizeSelectorTest,testValidate,validate,BaseSelector
TypeSelectorTest,testValidate,validate,BaseSelector
CommandlineTest,testToString,toString,BaseSelectorContainer
DirSetTest,testToString,toString,BaseSelectorContainer
XmlValidateTest,testValidate,validate,BaseSelectorContainer
ContainsSelectorTest,testValidate,validate,BaseSelectorContainer
DateSelectorTest,testValidate,validate,BaseSelectorContainer
DepthSelectorTest,testValidate,validate,BaseSelectorContainer
FilenameSelectorTest,testValidate,validate,BaseSelectorContainer
PresentSelectorTest,testValidate,validate,BaseSelectorContainer
SizeSelectorTest,testValidate,validate,BaseSelectorContainer
TypeSelectorTest,testValidate,validate,BaseSelectorContainer
AddTypeTest,testAddSelector,addSelector,BaseSelectorContainer
VectorSetTest,testAdd,add,BaseSelectorContainer
CommandlineTest,testToString,toString,ContainsRegexpSelector
DirSetTest,testToString,toString,ContainsRegexpSelector
CommandlineTest,testToString,toString,ContainsSelector
DirSetTest,testToString,toString,ContainsSelector
CommandlineTest,testToString,toString,DateSelector
DirSetTest,testToString,toString,DateSelector
CommandlineTest,testToString,toString,DependSelector
DirSetTest,testToString,toString,DependSelector
CommandlineTest,testToString,toString,DepthSelector
DirSetTest,testToString,toString,DepthSelector
CommandlineTest,testToString,toString,FilenameSelector
DirSetTest,testToString,toString,FilenameSelector
CommandlineTest,testToString,toString,MajoritySelector
DirSetTest,testToString,toString,MajoritySelector
AddTypeTest,testAddConfigured,addConfigured,MappingSelector
SymlinkTest,testDelete,delete,Cache
LinkedHashtableTest,testGet,get,Cache
CommandlineTest,testToString,toString,ChecksumAlgorithm
DirSetTest,testToString,toString,ChecksumAlgorithm
CommandlineTest,testToString,toString,DigestAlgorithm
DirSetTest,testToString,toString,DigestAlgorithm
CommandlineTest,testToString,toString,EqualComparator
DirSetTest,testToString,toString,EqualComparator
CommandlineTest,testToString,toString,HashvalueAlgorithm
DirSetTest,testToString,toString,HashvalueAlgorithm
CommandlineTest,testToString,toString,ModifiedSelector
DirSetTest,testToString,toString,ModifiedSelector
SymlinkTest,testDelete,delete,PropertiesfileCache
LinkedHashtableTest,testGet,get,PropertiesfileCache
CommandlineTest,testToString,toString,PropertiesfileCache
DirSetTest,testToString,toString,PropertiesfileCache
CommandlineTest,testToString,toString,NoneSelector
DirSetTest,testToString,toString,NoneSelector
CommandlineTest,testToString,toString,NotSelector
DirSetTest,testToString,toString,NotSelector
CommandlineTest,testToString,toString,OrSelector
DirSetTest,testToString,toString,OrSelector
CommandlineTest,testToString,toString,PresentSelector
DirSetTest,testToString,toString,PresentSelector
AddTypeTest,testAddConfigured,addConfigured,PresentSelector
AddTypeTest,testAddSelector,addSelector,SelectorContainer
VectorSetTest,testAdd,add,SelectorContainer
TokenizedPatternTest,testMatchPath,matchPath,SelectorUtils
TokenizedPatternTest,testMatchPath,matchPath,SelectorUtils
TokenizedPatternTest,testMatchPath,matchPath,SelectorUtils
CommandlineTest,testToString,toString,SelectSelector
DirSetTest,testToString,toString,SelectSelector
CommandlineTest,testToString,toString,SizeSelector
DirSetTest,testToString,toString,SizeSelector
ConditionTest,testSetValue,setValue,SizeSelector
CommandlineTest,testToString,toString,TokenizedPath
DirSetTest,testToString,toString,TokenizedPath
DeweyDecimalTest,testEquals,equals,TokenizedPath
ZipLongTest,testEquals,equals,TokenizedPath
ZipShortTest,testEquals,equals,TokenizedPath
DeweyDecimalTest,testHashCode,hashCode,TokenizedPath
TokenizedPatternTest,testMatchPath,matchPath,TokenizedPattern
CommandlineTest,testToString,toString,TokenizedPattern
DirSetTest,testToString,toString,TokenizedPattern
DeweyDecimalTest,testEquals,equals,TokenizedPattern
ZipLongTest,testEquals,equals,TokenizedPattern
ZipShortTest,testEquals,equals,TokenizedPattern
DeweyDecimalTest,testHashCode,hashCode,TokenizedPattern
TokenizedPatternTest,testEndsWith,endsWith,TokenizedPattern
TokenizedPatternTest,testWithoutLastToken,withoutLastToken,TokenizedPattern
CommandlineTest,testToString,toString,TypeSelector
DirSetTest,testToString,toString,TypeSelector
ProjectComponentTest,testClone,clone,TarFileSet
LayoutPreservingPropertiesTest,testClone,clone,TarFileSet
LinkedHashtableTest,testClone,clone,TarFileSet
VectorSetTest,testClone,clone,TarFileSet
AsiExtraFieldTest,testClone,clone,TarFileSet
ZipLongTest,testClone,clone,TarFileSet
ZipShortTest,testClone,clone,TarFileSet
ProjectComponentTest,testClone,clone,ZipFileSet
LayoutPreservingPropertiesTest,testClone,clone,ZipFileSet
LinkedHashtableTest,testClone,clone,ZipFileSet
VectorSetTest,testClone,clone,ZipFileSet
AsiExtraFieldTest,testClone,clone,ZipFileSet
ZipLongTest,testClone,clone,ZipFileSet
ZipShortTest,testClone,clone,ZipFileSet
UnknownElementTest,testMaybeConfigure,maybeConfigure,UnknownElement
DOMElementWriterTest,testEncode,encode,Base64Converter
DOMElementWriterTest,testEncode,encode,Base64Converter
DeweyDecimalTest,testEquals,equals,CollectionUtils
ZipLongTest,testEquals,equals,CollectionUtils
ZipShortTest,testEquals,equals,CollectionUtils
DeweyDecimalTest,testEquals,equals,CollectionUtils
ZipLongTest,testEquals,equals,CollectionUtils
ZipShortTest,testEquals,equals,CollectionUtils
LinkedHashtableTest,testPutAll,putAll,CollectionUtils
ConcatTest,testAppend,append,CollectionUtils
RecorderTest,testAppend,append,CollectionUtils
TarOutputStreamTest,testClose,close,ConcatFileInputStream
TarOutputStreamTest,testClose,close,ConcatResourceInputStream
AddTypeTest,testAddConfigured,addConfigured,ContainerMapper
VectorSetTest,testAdd,add,ContainerMapper
ConditionTest,testContains,contains,ContainerMapper
EnumeratedAttributeTest,testContains,contains,ContainerMapper
VectorSetTest,testContains,contains,ContainerMapper
LinkedHashtableTest,testGet,get,DeweyDecimal
CommandlineTest,testToString,toString,DeweyDecimal
DirSetTest,testToString,toString,DeweyDecimal
DeweyDecimalTest,testHashCode,hashCode,DeweyDecimal
DeweyDecimalTest,testEquals,equals,DeweyDecimal
ZipLongTest,testEquals,equals,DeweyDecimal
ZipShortTest,testEquals,equals,DeweyDecimal
DOMElementWriterTest,testEncode,encode,DOMElementWriter
DOMElementWriterTest,testEncodeAttributeValue,encodeAttributeValue,DOMElementWriter
DOMElementWriterTest,testEncode,encode,DOMElementWriter
DOMElementWriterTest,testEncodeData,encodedata,DOMElementWriter
DOMElementWriterTest,testEncodeData,encodedata,DOMElementWriter
DOMElementWriterTest,testIsReference,isReference,DOMElementWriter
DOMElementWriterTest,testIsLegalCharacter,isLegalCharacter,DOMElementWriter
FacadeTaskHelperTest,testHasBeenSet,hasBeenSet,FacadeTaskHelper
ProjectTest,testResolveFile,resolveFile,FileUtils
FileUtilsTest,testResolveFile,resolveFile,FileUtils
FileUtilsTest,testIsContextRelativePath,isContextRelativePath,FileUtils
FileUtilsTest,testNormalize,normalize,FileUtils
FileUtilsTest,testCreateTempFile,createTempFile,FileUtils
FileUtilsTest,testCreateTempFile,createTempFile,FileUtils
FileUtilsTest,testCreateTempFile,createTempFile,FileUtils
FileUtilsTest,testCreateTempFile,createTempFile,FileUtils
FileUtilsTest,testContentEquals,contentEquals,FileUtils
FileUtilsTest,testContentEquals,contentEquals,FileUtils
FileUtilsTest,testCreateNewFile,createNewFile,FileUtils
FileUtilsTest,testCreateNewFile,createNewFile,FileUtils
FileUtilsTest,testRemoveLeadingPath,removeLeadingPath,FileUtils
FileUtilsTest,testToURI,toURI,FileUtils
FileUtilsTest,testFromURI,fromURI,FileUtils
FileUtilsTest,testHasErrorInCase,hasErrorInCase,FileUtils
TarOutputStreamTest,testClose,close,FileUtils
TarOutputStreamTest,testClose,close,FileUtils
TarOutputStreamTest,testClose,close,FileUtils
TarOutputStreamTest,testClose,close,FileUtils
TarOutputStreamTest,testClose,close,FileUtils
TarOutputStreamTest,testClose,close,FileUtils
SymlinkTest,testDelete,delete,FileUtils
FileUtilsTest,testGetDefaultEncoding,getDefaultEncoding,FileUtils
ConditionTest,testContains,contains,IdentityStack
EnumeratedAttributeTest,testContains,contains,IdentityStack
VectorSetTest,testContains,contains,IdentityStack
VectorSetTest,testRemoveAll,removeAll,IdentityStack
VectorSetTest,testRetainAll,retainAll,IdentityStack
VectorSetTest,testContainsAll,containsAll,IdentityStack
CommandlineTest,testToString,toString,ProxyDiagnostics
DirSetTest,testToString,toString,ProxyDiagnostics
JavaEnvUtilsTest,testIsAtLeastJavaVersion,isAtLeastJavaVersion,JavaEnvUtils
JAXPUtilsTest,testGetSystemId,getSystemId,JAXPUtils
TarOutputStreamTest,testClose,close,KeepAliveInputStream
TarOutputStreamTest,testClose,close,KeepAliveOutputStream
CommandlineTest,testToString,toString,LogicalLine
DirSetTest,testToString,toString,LogicalLine
ConditionTest,testSetValue,setValue,Pair
ProjectComponentTest,testClone,clone,Pair
LayoutPreservingPropertiesTest,testClone,clone,Pair
LinkedHashtableTest,testClone,clone,Pair
VectorSetTest,testClone,clone,Pair
AsiExtraFieldTest,testClone,clone,Pair
ZipLongTest,testClone,clone,Pair
ZipShortTest,testClone,clone,Pair
ChecksumTest,testSetProperty,setProperty,LayoutPreservingProperties
ScriptMapperTest,testClear,clear,LayoutPreservingProperties
LayoutPreservingPropertiesTest,testClear,clear,LayoutPreservingProperties
LinkedHashtableTest,testClear,clear,LayoutPreservingProperties
VectorSetTest,testClear,clear,LayoutPreservingProperties
LayoutPreservingPropertiesTest,testRemove,remove,LayoutPreservingProperties
LinkedHashtableTest,testRemove,remove,LayoutPreservingProperties
ProjectComponentTest,testClone,clone,LayoutPreservingProperties
LayoutPreservingPropertiesTest,testClone,clone,LayoutPreservingProperties
LinkedHashtableTest,testClone,clone,LayoutPreservingProperties
VectorSetTest,testClone,clone,LayoutPreservingProperties
AsiExtraFieldTest,testClone,clone,LayoutPreservingProperties
ZipLongTest,testClone,clone,LayoutPreservingProperties
ZipShortTest,testClone,clone,LayoutPreservingProperties
MacroDefTest,testEscape,escape,LayoutPreservingProperties
EscapeUnicodeTest,testEscapeUnicode,escapeUnicode,LayoutPreservingProperties
LazyFileOutputStreamTest,testOpen,open,LazyFileOutputStream
TarOutputStreamTest,testClose,close,LazyFileOutputStream
LinkedHashtableTest,testElements,elements,LazyHashtable
LinkedHashtableTest,testIsEmpty,isEmpty,LazyHashtable
LinkedHashtableTest,testSize,size,LazyHashtable
ConditionTest,testContains,contains,LazyHashtable
EnumeratedAttributeTest,testContains,contains,LazyHashtable
VectorSetTest,testContains,contains,LazyHashtable
LinkedHashtableTest,testKeys,keys,LazyHashtable
TarOutputStreamTest,testClose,close,LineOrientedOutputStream
TarOutputStreamTest,testClose,close,LineOrientedOutputStreamRedirector
ScriptMapperTest,testClear,clear,LinkedHashtable
LayoutPreservingPropertiesTest,testClear,clear,LinkedHashtable
LinkedHashtableTest,testClear,clear,LinkedHashtable
VectorSetTest,testClear,clear,LinkedHashtable
ConditionTest,testContains,contains,LinkedHashtable
EnumeratedAttributeTest,testContains,contains,LinkedHashtable
VectorSetTest,testContains,contains,LinkedHashtable
LinkedHashtableTest,testElements,elements,LinkedHashtable
LinkedHashtableTest,testEntrySet,entrySet,LinkedHashtable
DeweyDecimalTest,testEquals,equals,LinkedHashtable
ZipLongTest,testEquals,equals,LinkedHashtable
ZipShortTest,testEquals,equals,LinkedHashtable
LinkedHashtableTest,testGet,get,LinkedHashtable
DeweyDecimalTest,testHashCode,hashCode,LinkedHashtable
LinkedHashtableTest,testIsEmpty,isEmpty,LinkedHashtable
LinkedHashtableTest,testKeys,keys,LinkedHashtable
LinkedHashtableTest,testKeySet,keySet,LinkedHashtable
LinkedHashtableTest,testPutAll,putAll,LinkedHashtable
LayoutPreservingPropertiesTest,testRemove,remove,LinkedHashtable
LinkedHashtableTest,testRemove,remove,LinkedHashtable
LinkedHashtableTest,testSize,size,LinkedHashtable
CommandlineTest,testToString,toString,LinkedHashtable
DirSetTest,testToString,toString,LinkedHashtable
LinkedHashtableTest,testValues,values,LinkedHashtable
TarOutputStreamTest,testClose,close,Funnel
TarOutputStreamTest,testClose,close,OutputStreamFunneler
TarOutputStreamTest,testClose,close,PropertyOutputStream
TarOutputStreamTest,testClose,close,ReaderInputStream
RegexpMatcherTest,testMatches,matches,JakartaOroMatcher
RegexpMatcherTest,testMatches,matches,JakartaOroMatcher
RegexpMatcherTest,testMatches,matches,JakartaRegexpMatcher
RegexpMatcherTest,testMatches,matches,JakartaRegexpMatcher
RegexpMatcherTest,testMatches,matches,JakartaRegexpMatcher
RegexpMatcherTest,testMatches,matches,Jdk14RegexpMatcher
RegexpMatcherTest,testMatches,matches,Jdk14RegexpMatcher
RegexpMatcherTest,testMatches,matches,RegexpMatcher
RegexpMatcherTest,testMatches,matches,RegexpMatcher
FileUtilsTest,testSetLastModified,setLastModified,ResourceUtils
FileUtilsTest,testContentEquals,contentEquals,ResourceUtils
IntrospectionHelperTest,testAddText,addText,ScriptRunnerBase
IntrospectionHelperTest,testAddText,addText,ScriptRunnerHelper
VectorSetTest,testAdd,add,ScriptRunnerHelper
StringUtilsTest,testSplit,split,StringUtils
ManifestTest,testReplace,replace,StringUtils
ReplaceRegExpTest,testReplace,replace,StringUtils
StringUtilsTest,testReplace,replace,StringUtils
TokenizedPatternTest,testEndsWith,endsWith,StringUtils
StringUtilsTest,testParseHumanSizes,parseHumanSizes,StringUtils
StringUtilsTest,testRemoveSuffix,removeSuffix,StringUtils
StringUtilsTest,testRemovePrefix,removePrefix,StringUtils
TarOutputStreamTest,testClose,close,TeeOutputStream
EscapeUnicodeTest,testEscapeUnicode,EscapeUnicode,UnicodeUtil
DOMElementWriterTest,testEncode,encode,UUEncoder
VectorSetTest,testAdd,add,VectorSet
VectorSetTest,testAdd,add,VectorSet
VectorSetTest,testAddElement,addElement,VectorSet
VectorSetTest,testAddAll,addAll,VectorSet
VectorSetTest,testAddAll,addAll,VectorSet
ScriptMapperTest,testClear,clear,VectorSet
LayoutPreservingPropertiesTest,testClear,clear,VectorSet
LinkedHashtableTest,testClear,clear,VectorSet
VectorSetTest,testClear,clear,VectorSet
ProjectComponentTest,testClone,clone,VectorSet
LayoutPreservingPropertiesTest,testClone,clone,VectorSet
LinkedHashtableTest,testClone,clone,VectorSet
VectorSetTest,testClone,clone,VectorSet
AsiExtraFieldTest,testClone,clone,VectorSet
ZipLongTest,testClone,clone,VectorSet
ZipShortTest,testClone,clone,VectorSet
ConditionTest,testContains,contains,VectorSet
EnumeratedAttributeTest,testContains,contains,VectorSet
VectorSetTest,testContains,contains,VectorSet
VectorSetTest,testContainsAll,containsAll,VectorSet
VectorSetTest,testInsertElementAt,insertElementAt,VectorSet
LayoutPreservingPropertiesTest,testRemove,remove,VectorSet
LinkedHashtableTest,testRemove,remove,VectorSet
LayoutPreservingPropertiesTest,testRemove,remove,VectorSet
LinkedHashtableTest,testRemove,remove,VectorSet
VectorSetTest,testRemoveAll,removeAll,VectorSet
VectorSetTest,testRemoveAllElements,removeAllElements,VectorSet
VectorSetTest,testRemoveElement,removeElement,VectorSet
VectorSetTest,testRemoveElementAt,removeElementAt,VectorSet
VectorSetTest,testRemoveRange,removeRange,VectorSet
VectorSetTest,testRetainAll,retainAll,VectorSet
VectorSetTest,testSet,set,VectorSet
VectorSetTest,testSetElementAt,setElementAt,VectorSet
ExtendedTaskdefTest,testRun,run,Watchdog
JavaTest,testRun,run,Watchdog
LinkedHashtableTest,testGet,get,WeakishReference
ExtendedTaskdefTest,testRun,run,WorkerAnt
JavaTest,testRun,run,WorkerAnt
IntrospectionHelperTest,testAddText,addText,Child
IntrospectionHelperTest,testAddText,addText,XMLFragment
IntrospectionHelperTest,testAddText,addText,XMLFragment
CommandlineTest,testToString,toString,TimedElement
DirSetTest,testToString,toString,TimedElement
BlockSortTest,testFallbackSort,fallbackSort,BlockSort
BlockSortTest,testFallbackSort,fallbackSort,BlockSort
TarOutputStreamTest,testClose,close,CBZip2InputStream
TarOutputStreamTest,testClose,close,CBZip2OutputStream
ManifestTest,testFrom,from,MailMessage
TarOutputStreamTest,testClose,close,SmtpResponseReader
ConcatTest,testAppend,append,SmtpResponseReader
RecorderTest,testAppend,append,SmtpResponseReader
TarOutputStreamTest,testClose,close,TarBuffer
DeweyDecimalTest,testEquals,equals,TarEntry
ZipLongTest,testEquals,equals,TarEntry
ZipShortTest,testEquals,equals,TarEntry
DeweyDecimalTest,testEquals,equals,TarEntry
ZipLongTest,testEquals,equals,TarEntry
ZipShortTest,testEquals,equals,TarEntry
DeweyDecimalTest,testHashCode,hashCode,TarEntry
TarOutputStreamTest,testClose,close,TarInputStream
TarOutputStreamTest,testClose,close,TarOutputStream
ProjectComponentTest,testClone,clone,AsiExtraField
LayoutPreservingPropertiesTest,testClone,clone,AsiExtraField
LinkedHashtableTest,testClone,clone,AsiExtraField
VectorSetTest,testClone,clone,AsiExtraField
AsiExtraFieldTest,testClone,clone,AsiExtraField
ZipLongTest,testClone,clone,AsiExtraField
ZipShortTest,testClone,clone,AsiExtraField
ExtraFieldUtilsTest,testParse,parse,ExtraFieldUtils
ExtraFieldUtilsTest,testParse,parse,ExtraFieldUtils
ExtraFieldUtilsTest,testParse,parse,ExtraFieldUtils
DOMElementWriterTest,testEncode,encode,FallbackZipEncoding
DOMElementWriterTest,testEncode,encode,GeneralPurposeBit
DOMElementWriterTest,testEncode,encode,GeneralPurposeBit
ExtraFieldUtilsTest,testParse,parse,GeneralPurposeBit
DeweyDecimalTest,testHashCode,hashCode,GeneralPurposeBit
DeweyDecimalTest,testEquals,equals,GeneralPurposeBit
ZipLongTest,testEquals,equals,GeneralPurposeBit
ZipShortTest,testEquals,equals,GeneralPurposeBit
ProjectComponentTest,testClone,clone,GeneralPurposeBit
LayoutPreservingPropertiesTest,testClone,clone,GeneralPurposeBit
LinkedHashtableTest,testClone,clone,GeneralPurposeBit
VectorSetTest,testClone,clone,GeneralPurposeBit
AsiExtraFieldTest,testClone,clone,GeneralPurposeBit
ZipLongTest,testClone,clone,GeneralPurposeBit
ZipShortTest,testClone,clone,GeneralPurposeBit
DOMElementWriterTest,testEncode,encode,NioZipEncoding
CommandlineTest,testToString,toString,Simple8BitChar
DirSetTest,testToString,toString,Simple8BitChar
DeweyDecimalTest,testEquals,equals,Simple8BitChar
ZipLongTest,testEquals,equals,Simple8BitChar
ZipShortTest,testEquals,equals,Simple8BitChar
DeweyDecimalTest,testHashCode,hashCode,Simple8BitChar
DOMElementWriterTest,testEncode,encode,Simple8BitZipEncoding
CommandlineTest,testToString,toString,Feature
DirSetTest,testToString,toString,Feature
DeweyDecimalTest,testEquals,equals,ZipEightByteInteger
ZipLongTest,testEquals,equals,ZipEightByteInteger
ZipShortTest,testEquals,equals,ZipEightByteInteger
DeweyDecimalTest,testHashCode,hashCode,ZipEightByteInteger
CommandlineTest,testToString,toString,ZipEightByteInteger
DirSetTest,testToString,toString,ZipEightByteInteger
DOMElementWriterTest,testEncode,encode,ZipEncoding
ProjectComponentTest,testClone,clone,ZipEntry
LayoutPreservingPropertiesTest,testClone,clone,ZipEntry
LinkedHashtableTest,testClone,clone,ZipEntry
VectorSetTest,testClone,clone,ZipEntry
AsiExtraFieldTest,testClone,clone,ZipEntry
ZipLongTest,testClone,clone,ZipEntry
ZipShortTest,testClone,clone,ZipEntry
ZipEntryTest,testAddAsFirstExtraField,addAsFirstExtraField,ZipEntry
DeweyDecimalTest,testHashCode,hashCode,ZipEntry
DeweyDecimalTest,testEquals,equals,ZipEntry
ZipLongTest,testEquals,equals,ZipEntry
ZipShortTest,testEquals,equals,ZipEntry
DeweyDecimalTest,testHashCode,hashCode,Entry
DeweyDecimalTest,testEquals,equals,Entry
ZipLongTest,testEquals,equals,Entry
ZipShortTest,testEquals,equals,Entry
TarOutputStreamTest,testClose,close,ZipFile
DeweyDecimalTest,testEquals,equals,ZipLong
ZipLongTest,testEquals,equals,ZipLong
ZipShortTest,testEquals,equals,ZipLong
DeweyDecimalTest,testHashCode,hashCode,ZipLong
ProjectComponentTest,testClone,clone,ZipLong
LayoutPreservingPropertiesTest,testClone,clone,ZipLong
LinkedHashtableTest,testClone,clone,ZipLong
VectorSetTest,testClone,clone,ZipLong
AsiExtraFieldTest,testClone,clone,ZipLong
ZipLongTest,testClone,clone,ZipLong
ZipShortTest,testClone,clone,ZipLong
CommandlineTest,testToString,toString,ZipLong
DirSetTest,testToString,toString,ZipLong
CommandlineTest,testToString,toString,UnicodeExtraFieldPolicy
DirSetTest,testToString,toString,UnicodeExtraFieldPolicy
TarOutputStreamTest,testClose,close,ZipOutputStream
ZipOutputStreamTest,testAdjustToLong,adjustToLong,ZipOutputStream
DeweyDecimalTest,testEquals,equals,ZipShort
ZipLongTest,testEquals,equals,ZipShort
ZipShortTest,testEquals,equals,ZipShort
DeweyDecimalTest,testHashCode,hashCode,ZipShort
ProjectComponentTest,testClone,clone,ZipShort
LayoutPreservingPropertiesTest,testClone,clone,ZipShort
LinkedHashtableTest,testClone,clone,ZipShort
VectorSetTest,testClone,clone,ZipShort
AsiExtraFieldTest,testClone,clone,ZipShort
ZipLongTest,testClone,clone,ZipShort
ZipShortTest,testClone,clone,ZipShort
CommandlineTest,testToString,toString,ZipShort
DirSetTest,testToString,toString,ZipShort
ZipOutputStreamTest,testAdjustToLong,adjustToLong,ZipUtil
ExtendedTaskdefTest,testRun,run,DummyMailServer
JavaTest,testRun,run,DummyMailServer
CommandlineTest,testToString,toString,B
DirSetTest,testToString,toString,B
CommandlineTest,testToString,toString,A
DirSetTest,testToString,toString,A
VectorSetTest,testAdd,add,MapperResult
CommandlineTest,testToString,toString,MockAlgorithm
DirSetTest,testToString,toString,MockAlgorithm
SymlinkTest,testDelete,delete,MockCache
LinkedHashtableTest,testGet,get,MockCache
CommandlineTest,testToString,toString,MockCache
DirSetTest,testToString,toString,MockCache
CommandlineTest,testToString,toString,MockComparator
DirSetTest,testToString,toString,MockComparator
