test_class,test_method,production_method,production_class
TestJSONPathAssertionGui,testGetLabelResource,getLabelResource,AssertionGui
JMESPathAssertionGuiTest,testGetLabelResource,getLabelResource,AssertionGui
TestJSONPathAssertionGui,testCreateTestElement,createTestElement,AssertionGui
JMESPathAssertionGuiTest,testCreateTestElement,createTestElement,AssertionGui
TestJSONPathAssertionGui,testModifyTestElement,modifyTestElement,AssertionGui
JMESPathAssertionGuiTest,testModifyTestElement,modifyTestElement,AssertionGui
TestJSONPathAssertionGui,testClearGui,clearGui,AssertionGui
JMESPathAssertionGuiTest,testClearGui,clearGui,AssertionGui
TestJSONPathAssertionGui,testConfigure,configure,AssertionGui
JMESPathAssertionGuiTest,testConfigure,configure,AssertionGui
TestJSONPathAssertionGui,testInit,init,AssertionGui
JMESPathAssertionGuiTest,testInit,init,AssertionGui
TestJSONPathAssertionGui,testConfigure,configure,BeanShellAssertionGui
JMESPathAssertionGuiTest,testConfigure,configure,BeanShellAssertionGui
TestJSONPathAssertionGui,testCreateTestElement,createTestElement,BeanShellAssertionGui
JMESPathAssertionGuiTest,testCreateTestElement,createTestElement,BeanShellAssertionGui
TestJSONPathAssertionGui,testModifyTestElement,modifyTestElement,BeanShellAssertionGui
JMESPathAssertionGuiTest,testModifyTestElement,modifyTestElement,BeanShellAssertionGui
TestJSONPathAssertionGui,testGetLabelResource,getLabelResource,BeanShellAssertionGui
JMESPathAssertionGuiTest,testGetLabelResource,getLabelResource,BeanShellAssertionGui
TestJSONPathAssertionGui,testInit,init,BeanShellAssertionGui
JMESPathAssertionGuiTest,testInit,init,BeanShellAssertionGui
TestJSONPathAssertionGui,testClearGui,clearGui,BeanShellAssertionGui
JMESPathAssertionGuiTest,testClearGui,clearGui,BeanShellAssertionGui
TestJSONPathAssertionGui,testGetLabelResource,getLabelResource,DurationAssertionGui
JMESPathAssertionGuiTest,testGetLabelResource,getLabelResource,DurationAssertionGui
TestJSONPathAssertionGui,testCreateTestElement,createTestElement,DurationAssertionGui
JMESPathAssertionGuiTest,testCreateTestElement,createTestElement,DurationAssertionGui
TestJSONPathAssertionGui,testModifyTestElement,modifyTestElement,DurationAssertionGui
JMESPathAssertionGuiTest,testModifyTestElement,modifyTestElement,DurationAssertionGui
TestJSONPathAssertionGui,testClearGui,clearGui,DurationAssertionGui
JMESPathAssertionGuiTest,testClearGui,clearGui,DurationAssertionGui
TestJSONPathAssertionGui,testConfigure,configure,DurationAssertionGui
JMESPathAssertionGuiTest,testConfigure,configure,DurationAssertionGui
TestJSONPathAssertionGui,testInit,init,DurationAssertionGui
JMESPathAssertionGuiTest,testInit,init,DurationAssertionGui
TestJSONPathAssertionGui,testGetLabelResource,getLabelResource,HTMLAssertionGui
JMESPathAssertionGuiTest,testGetLabelResource,getLabelResource,HTMLAssertionGui
TestJSONPathAssertionGui,testCreateTestElement,createTestElement,HTMLAssertionGui
JMESPathAssertionGuiTest,testCreateTestElement,createTestElement,HTMLAssertionGui
TestJSONPathAssertionGui,testModifyTestElement,modifyTestElement,HTMLAssertionGui
JMESPathAssertionGuiTest,testModifyTestElement,modifyTestElement,HTMLAssertionGui
TestJSONPathAssertionGui,testClearGui,clearGui,HTMLAssertionGui
JMESPathAssertionGuiTest,testClearGui,clearGui,HTMLAssertionGui
TestJSONPathAssertionGui,testConfigure,configure,HTMLAssertionGui
JMESPathAssertionGuiTest,testConfigure,configure,HTMLAssertionGui
TestJSONPathAssertionGui,testInit,init,HTMLAssertionGui
JMESPathAssertionGuiTest,testInit,init,HTMLAssertionGui
TestJSONPathAssertionGui,testInit,init,JSONPathAssertionGui
JMESPathAssertionGuiTest,testInit,init,JSONPathAssertionGui
TestJSONPathAssertionGui,testClearGui,clearGui,JSONPathAssertionGui
JMESPathAssertionGuiTest,testClearGui,clearGui,JSONPathAssertionGui
TestJSONPathAssertionGui,testCreateTestElement,createTestElement,JSONPathAssertionGui
JMESPathAssertionGuiTest,testCreateTestElement,createTestElement,JSONPathAssertionGui
TestJSONPathAssertionGui,testGetLabelResource,getLabelResource,JSONPathAssertionGui
JMESPathAssertionGuiTest,testGetLabelResource,getLabelResource,JSONPathAssertionGui
TestJSONPathAssertionGui,testModifyTestElement,modifyTestElement,JSONPathAssertionGui
JMESPathAssertionGuiTest,testModifyTestElement,modifyTestElement,JSONPathAssertionGui
TestJSONPathAssertionGui,testConfigure,configure,JSONPathAssertionGui
JMESPathAssertionGuiTest,testConfigure,configure,JSONPathAssertionGui
TestJSONPathAssertionGui,testInit,init,MD5HexAssertionGUI
JMESPathAssertionGuiTest,testInit,init,MD5HexAssertionGUI
TestJSONPathAssertionGui,testConfigure,configure,MD5HexAssertionGUI
JMESPathAssertionGuiTest,testConfigure,configure,MD5HexAssertionGUI
TestJSONPathAssertionGui,testGetLabelResource,getLabelResource,MD5HexAssertionGUI
JMESPathAssertionGuiTest,testGetLabelResource,getLabelResource,MD5HexAssertionGUI
TestJSONPathAssertionGui,testCreateTestElement,createTestElement,MD5HexAssertionGUI
JMESPathAssertionGuiTest,testCreateTestElement,createTestElement,MD5HexAssertionGUI
TestJSONPathAssertionGui,testModifyTestElement,modifyTestElement,MD5HexAssertionGUI
JMESPathAssertionGuiTest,testModifyTestElement,modifyTestElement,MD5HexAssertionGUI
TestJSONPathAssertionGui,testClearGui,clearGui,MD5HexAssertionGUI
JMESPathAssertionGuiTest,testClearGui,clearGui,MD5HexAssertionGUI
TestJSONPathAssertionGui,testGetLabelResource,getLabelResource,SizeAssertionGui
JMESPathAssertionGuiTest,testGetLabelResource,getLabelResource,SizeAssertionGui
TestJSONPathAssertionGui,testCreateTestElement,createTestElement,SizeAssertionGui
JMESPathAssertionGuiTest,testCreateTestElement,createTestElement,SizeAssertionGui
TestJSONPathAssertionGui,testModifyTestElement,modifyTestElement,SizeAssertionGui
JMESPathAssertionGuiTest,testModifyTestElement,modifyTestElement,SizeAssertionGui
TestJSONPathAssertionGui,testClearGui,clearGui,SizeAssertionGui
JMESPathAssertionGuiTest,testClearGui,clearGui,SizeAssertionGui
TestJSONPathAssertionGui,testConfigure,configure,SizeAssertionGui
JMESPathAssertionGuiTest,testConfigure,configure,SizeAssertionGui
TestJSONPathAssertionGui,testInit,init,SizeAssertionGui
JMESPathAssertionGuiTest,testInit,init,SizeAssertionGui
TestJSONPathAssertionGui,testGetLabelResource,getLabelResource,SMIMEAssertionGui
JMESPathAssertionGuiTest,testGetLabelResource,getLabelResource,SMIMEAssertionGui
TestJSONPathAssertionGui,testClearGui,clearGui,SMIMEAssertionGui
JMESPathAssertionGuiTest,testClearGui,clearGui,SMIMEAssertionGui
TestJSONPathAssertionGui,testInit,init,SMIMEAssertionGui
JMESPathAssertionGuiTest,testInit,init,SMIMEAssertionGui
TestJSONPathAssertionGui,testConfigure,configure,SMIMEAssertionGui
JMESPathAssertionGuiTest,testConfigure,configure,SMIMEAssertionGui
TestJSONPathAssertionGui,testModifyTestElement,modifyTestElement,SMIMEAssertionGui
JMESPathAssertionGuiTest,testModifyTestElement,modifyTestElement,SMIMEAssertionGui
TestJSONPathAssertionGui,testCreateTestElement,createTestElement,SMIMEAssertionGui
JMESPathAssertionGuiTest,testCreateTestElement,createTestElement,SMIMEAssertionGui
TestJSONPathAssertionGui,testGetLabelResource,getLabelResource,XMLAssertionGui
JMESPathAssertionGuiTest,testGetLabelResource,getLabelResource,XMLAssertionGui
TestJSONPathAssertionGui,testCreateTestElement,createTestElement,XMLAssertionGui
JMESPathAssertionGuiTest,testCreateTestElement,createTestElement,XMLAssertionGui
TestJSONPathAssertionGui,testModifyTestElement,modifyTestElement,XMLAssertionGui
JMESPathAssertionGuiTest,testModifyTestElement,modifyTestElement,XMLAssertionGui
TestJSONPathAssertionGui,testInit,init,XMLAssertionGui
JMESPathAssertionGuiTest,testInit,init,XMLAssertionGui
TestJSONPathAssertionGui,testInit,init,XMLConfPanel
JMESPathAssertionGuiTest,testInit,init,XMLConfPanel
TestJSONPathAssertionGui,testModifyTestElement,modifyTestElement,XMLConfPanel
JMESPathAssertionGuiTest,testModifyTestElement,modifyTestElement,XMLConfPanel
TestJSONPathAssertionGui,testModifyTestElement,modifyTestElement,XMLConfPanel
JMESPathAssertionGuiTest,testModifyTestElement,modifyTestElement,XMLConfPanel
TestJSONPathAssertionGui,testConfigure,configure,XMLConfPanel
JMESPathAssertionGuiTest,testConfigure,configure,XMLConfPanel
TestJSONPathAssertionGui,testConfigure,configure,XMLConfPanel
JMESPathAssertionGuiTest,testConfigure,configure,XMLConfPanel
TestJSONPathAssertionGui,testGetLabelResource,getLabelResource,XMLSchemaAssertionGUI
JMESPathAssertionGuiTest,testGetLabelResource,getLabelResource,XMLSchemaAssertionGUI
TestJSONPathAssertionGui,testCreateTestElement,createTestElement,XMLSchemaAssertionGUI
JMESPathAssertionGuiTest,testCreateTestElement,createTestElement,XMLSchemaAssertionGUI
TestJSONPathAssertionGui,testModifyTestElement,modifyTestElement,XMLSchemaAssertionGUI
JMESPathAssertionGuiTest,testModifyTestElement,modifyTestElement,XMLSchemaAssertionGUI
TestJSONPathAssertionGui,testClearGui,clearGui,XMLSchemaAssertionGUI
JMESPathAssertionGuiTest,testClearGui,clearGui,XMLSchemaAssertionGUI
TestJSONPathAssertionGui,testConfigure,configure,XMLSchemaAssertionGUI
JMESPathAssertionGuiTest,testConfigure,configure,XMLSchemaAssertionGUI
TestJSONPathAssertionGui,testInit,init,XMLSchemaAssertionGUI
JMESPathAssertionGuiTest,testInit,init,XMLSchemaAssertionGUI
TestJSONPathAssertionGui,testGetLabelResource,getLabelResource,XPath2AssertionGui
JMESPathAssertionGuiTest,testGetLabelResource,getLabelResource,XPath2AssertionGui
TestJSONPathAssertionGui,testCreateTestElement,createTestElement,XPath2AssertionGui
JMESPathAssertionGuiTest,testCreateTestElement,createTestElement,XPath2AssertionGui
TestJSONPathAssertionGui,testConfigure,configure,XPath2AssertionGui
JMESPathAssertionGuiTest,testConfigure,configure,XPath2AssertionGui
TestJSONPathAssertionGui,testInit,init,XPath2AssertionGui
JMESPathAssertionGuiTest,testInit,init,XPath2AssertionGui
TestJSONPathAssertionGui,testModifyTestElement,modifyTestElement,XPath2AssertionGui
JMESPathAssertionGuiTest,testModifyTestElement,modifyTestElement,XPath2AssertionGui
TestJSONPathAssertionGui,testClearGui,clearGui,XPath2AssertionGui
JMESPathAssertionGuiTest,testClearGui,clearGui,XPath2AssertionGui
TestJSONPathAssertionGui,testInit,init,XPath2Panel
JMESPathAssertionGuiTest,testInit,init,XPath2Panel
TestJSONPathAssertionGui,testGetLabelResource,getLabelResource,XPathAssertionGui
JMESPathAssertionGuiTest,testGetLabelResource,getLabelResource,XPathAssertionGui
TestJSONPathAssertionGui,testCreateTestElement,createTestElement,XPathAssertionGui
JMESPathAssertionGuiTest,testCreateTestElement,createTestElement,XPathAssertionGui
TestJSONPathAssertionGui,testConfigure,configure,XPathAssertionGui
JMESPathAssertionGuiTest,testConfigure,configure,XPathAssertionGui
TestJSONPathAssertionGui,testInit,init,XPathAssertionGui
JMESPathAssertionGuiTest,testInit,init,XPathAssertionGui
TestJSONPathAssertionGui,testModifyTestElement,modifyTestElement,XPathAssertionGui
JMESPathAssertionGuiTest,testModifyTestElement,modifyTestElement,XPathAssertionGui
TestJSONPathAssertionGui,testClearGui,clearGui,XPathAssertionGui
JMESPathAssertionGuiTest,testClearGui,clearGui,XPathAssertionGui
TestJSONPathAssertionGui,testInit,init,XPathPanel
JMESPathAssertionGuiTest,testInit,init,XPathPanel
TestJSONPathAssertionGui,testCreateTestElement,createTestElement,JMESPathAssertionGui
JMESPathAssertionGuiTest,testCreateTestElement,createTestElement,JMESPathAssertionGui
TestJSONPathAssertionGui,testGetLabelResource,getLabelResource,JMESPathAssertionGui
JMESPathAssertionGuiTest,testGetLabelResource,getLabelResource,JMESPathAssertionGui
TestJSONPathAssertionGui,testModifyTestElement,modifyTestElement,JMESPathAssertionGui
JMESPathAssertionGuiTest,testModifyTestElement,modifyTestElement,JMESPathAssertionGui
TestJSONPathAssertionGui,testConfigure,configure,JMESPathAssertionGui
JMESPathAssertionGuiTest,testConfigure,configure,JMESPathAssertionGui
TestJSONPathAssertionGui,testConfigure,configure,CriticalSectionControllerGui
JMESPathAssertionGuiTest,testConfigure,configure,CriticalSectionControllerGui
TestJSONPathAssertionGui,testCreateTestElement,createTestElement,CriticalSectionControllerGui
JMESPathAssertionGuiTest,testCreateTestElement,createTestElement,CriticalSectionControllerGui
TestJSONPathAssertionGui,testModifyTestElement,modifyTestElement,CriticalSectionControllerGui
JMESPathAssertionGuiTest,testModifyTestElement,modifyTestElement,CriticalSectionControllerGui
TestJSONPathAssertionGui,testClearGui,clearGui,CriticalSectionControllerGui
JMESPathAssertionGuiTest,testClearGui,clearGui,CriticalSectionControllerGui
TestJSONPathAssertionGui,testGetLabelResource,getLabelResource,CriticalSectionControllerGui
JMESPathAssertionGuiTest,testGetLabelResource,getLabelResource,CriticalSectionControllerGui
TestJSONPathAssertionGui,testInit,init,CriticalSectionControllerGui
JMESPathAssertionGuiTest,testInit,init,CriticalSectionControllerGui
TestJSONPathAssertionGui,testConfigure,configure,ForeachControlPanel
JMESPathAssertionGuiTest,testConfigure,configure,ForeachControlPanel
TestJSONPathAssertionGui,testCreateTestElement,createTestElement,ForeachControlPanel
JMESPathAssertionGuiTest,testCreateTestElement,createTestElement,ForeachControlPanel
TestJSONPathAssertionGui,testModifyTestElement,modifyTestElement,ForeachControlPanel
JMESPathAssertionGuiTest,testModifyTestElement,modifyTestElement,ForeachControlPanel
TestJSONPathAssertionGui,testClearGui,clearGui,ForeachControlPanel
JMESPathAssertionGuiTest,testClearGui,clearGui,ForeachControlPanel
TestJSONPathAssertionGui,testGetLabelResource,getLabelResource,ForeachControlPanel
JMESPathAssertionGuiTest,testGetLabelResource,getLabelResource,ForeachControlPanel
TestJSONPathAssertionGui,testInit,init,ForeachControlPanel
JMESPathAssertionGuiTest,testInit,init,ForeachControlPanel
TestJSONPathAssertionGui,testGetLabelResource,getLabelResource,IncludeControllerGui
JMESPathAssertionGuiTest,testGetLabelResource,getLabelResource,IncludeControllerGui
TestJSONPathAssertionGui,testConfigure,configure,IncludeControllerGui
JMESPathAssertionGuiTest,testConfigure,configure,IncludeControllerGui
TestJSONPathAssertionGui,testCreateTestElement,createTestElement,IncludeControllerGui
JMESPathAssertionGuiTest,testCreateTestElement,createTestElement,IncludeControllerGui
TestJSONPathAssertionGui,testModifyTestElement,modifyTestElement,IncludeControllerGui
JMESPathAssertionGuiTest,testModifyTestElement,modifyTestElement,IncludeControllerGui
TestJSONPathAssertionGui,testClearGui,clearGui,IncludeControllerGui
JMESPathAssertionGuiTest,testClearGui,clearGui,IncludeControllerGui
TestJSONPathAssertionGui,testInit,init,IncludeControllerGui
JMESPathAssertionGuiTest,testInit,init,IncludeControllerGui
TestJSONPathAssertionGui,testConfigure,configure,InterleaveControlGui
JMESPathAssertionGuiTest,testConfigure,configure,InterleaveControlGui
TestJSONPathAssertionGui,testCreateTestElement,createTestElement,InterleaveControlGui
JMESPathAssertionGuiTest,testCreateTestElement,createTestElement,InterleaveControlGui
TestJSONPathAssertionGui,testModifyTestElement,modifyTestElement,InterleaveControlGui
JMESPathAssertionGuiTest,testModifyTestElement,modifyTestElement,InterleaveControlGui
TestJSONPathAssertionGui,testClearGui,clearGui,InterleaveControlGui
JMESPathAssertionGuiTest,testClearGui,clearGui,InterleaveControlGui
TestJSONPathAssertionGui,testGetLabelResource,getLabelResource,InterleaveControlGui
JMESPathAssertionGuiTest,testGetLabelResource,getLabelResource,InterleaveControlGui
TestJSONPathAssertionGui,testInit,init,InterleaveControlGui
JMESPathAssertionGuiTest,testInit,init,InterleaveControlGui
TestJSONPathAssertionGui,testGetLabelResource,getLabelResource,ModuleControllerGui
JMESPathAssertionGuiTest,testGetLabelResource,getLabelResource,ModuleControllerGui
TestJSONPathAssertionGui,testConfigure,configure,ModuleControllerGui
JMESPathAssertionGuiTest,testConfigure,configure,ModuleControllerGui
TestJSONPathAssertionGui,testCreateTestElement,createTestElement,ModuleControllerGui
JMESPathAssertionGuiTest,testCreateTestElement,createTestElement,ModuleControllerGui
TestJSONPathAssertionGui,testModifyTestElement,modifyTestElement,ModuleControllerGui
JMESPathAssertionGuiTest,testModifyTestElement,modifyTestElement,ModuleControllerGui
TestJSONPathAssertionGui,testClearGui,clearGui,ModuleControllerGui
JMESPathAssertionGuiTest,testClearGui,clearGui,ModuleControllerGui
TestJSONPathAssertionGui,testInit,init,ModuleControllerGui
JMESPathAssertionGuiTest,testInit,init,ModuleControllerGui
TestJSONPathAssertionGui,testCreateTestElement,createTestElement,OnceOnlyControllerGui
JMESPathAssertionGuiTest,testCreateTestElement,createTestElement,OnceOnlyControllerGui
TestJSONPathAssertionGui,testModifyTestElement,modifyTestElement,OnceOnlyControllerGui
JMESPathAssertionGuiTest,testModifyTestElement,modifyTestElement,OnceOnlyControllerGui
TestJSONPathAssertionGui,testGetLabelResource,getLabelResource,OnceOnlyControllerGui
JMESPathAssertionGuiTest,testGetLabelResource,getLabelResource,OnceOnlyControllerGui
TestJSONPathAssertionGui,testInit,init,OnceOnlyControllerGui
JMESPathAssertionGuiTest,testInit,init,OnceOnlyControllerGui
TestJSONPathAssertionGui,testCreateTestElement,createTestElement,RandomControlGui
JMESPathAssertionGuiTest,testCreateTestElement,createTestElement,RandomControlGui
TestJSONPathAssertionGui,testModifyTestElement,modifyTestElement,RandomControlGui
JMESPathAssertionGuiTest,testModifyTestElement,modifyTestElement,RandomControlGui
TestJSONPathAssertionGui,testClearGui,clearGui,RandomControlGui
JMESPathAssertionGuiTest,testClearGui,clearGui,RandomControlGui
TestJSONPathAssertionGui,testConfigure,configure,RandomControlGui
JMESPathAssertionGuiTest,testConfigure,configure,RandomControlGui
TestJSONPathAssertionGui,testGetLabelResource,getLabelResource,RandomControlGui
JMESPathAssertionGuiTest,testGetLabelResource,getLabelResource,RandomControlGui
TestJSONPathAssertionGui,testInit,init,RandomControlGui
JMESPathAssertionGuiTest,testInit,init,RandomControlGui
TestJSONPathAssertionGui,testGetLabelResource,getLabelResource,RandomOrderControllerGui
JMESPathAssertionGuiTest,testGetLabelResource,getLabelResource,RandomOrderControllerGui
TestJSONPathAssertionGui,testCreateTestElement,createTestElement,RandomOrderControllerGui
JMESPathAssertionGuiTest,testCreateTestElement,createTestElement,RandomOrderControllerGui
TestJSONPathAssertionGui,testModifyTestElement,modifyTestElement,RandomOrderControllerGui
JMESPathAssertionGuiTest,testModifyTestElement,modifyTestElement,RandomOrderControllerGui
TestJSONPathAssertionGui,testCreateTestElement,createTestElement,SwitchControllerGui
JMESPathAssertionGuiTest,testCreateTestElement,createTestElement,SwitchControllerGui
TestJSONPathAssertionGui,testModifyTestElement,modifyTestElement,SwitchControllerGui
JMESPathAssertionGuiTest,testModifyTestElement,modifyTestElement,SwitchControllerGui
TestJSONPathAssertionGui,testClearGui,clearGui,SwitchControllerGui
JMESPathAssertionGuiTest,testClearGui,clearGui,SwitchControllerGui
TestJSONPathAssertionGui,testConfigure,configure,SwitchControllerGui
JMESPathAssertionGuiTest,testConfigure,configure,SwitchControllerGui
TestJSONPathAssertionGui,testGetLabelResource,getLabelResource,SwitchControllerGui
JMESPathAssertionGuiTest,testGetLabelResource,getLabelResource,SwitchControllerGui
TestJSONPathAssertionGui,testInit,init,SwitchControllerGui
JMESPathAssertionGuiTest,testInit,init,SwitchControllerGui
TestJSONPathAssertionGui,testCreateTestElement,createTestElement,ThroughputControllerGui
JMESPathAssertionGuiTest,testCreateTestElement,createTestElement,ThroughputControllerGui
TestJSONPathAssertionGui,testModifyTestElement,modifyTestElement,ThroughputControllerGui
JMESPathAssertionGuiTest,testModifyTestElement,modifyTestElement,ThroughputControllerGui
TestJSONPathAssertionGui,testClearGui,clearGui,ThroughputControllerGui
JMESPathAssertionGuiTest,testClearGui,clearGui,ThroughputControllerGui
TestJSONPathAssertionGui,testConfigure,configure,ThroughputControllerGui
JMESPathAssertionGuiTest,testConfigure,configure,ThroughputControllerGui
TestJSONPathAssertionGui,testGetLabelResource,getLabelResource,ThroughputControllerGui
JMESPathAssertionGuiTest,testGetLabelResource,getLabelResource,ThroughputControllerGui
TestJSONPathAssertionGui,testInit,init,ThroughputControllerGui
JMESPathAssertionGuiTest,testInit,init,ThroughputControllerGui
TestJSONPathAssertionGui,testGetLabelResource,getLabelResource,BoundaryExtractorGui
JMESPathAssertionGuiTest,testGetLabelResource,getLabelResource,BoundaryExtractorGui
TestJSONPathAssertionGui,testConfigure,configure,BoundaryExtractorGui
JMESPathAssertionGuiTest,testConfigure,configure,BoundaryExtractorGui
TestJSONPathAssertionGui,testCreateTestElement,createTestElement,BoundaryExtractorGui
JMESPathAssertionGuiTest,testCreateTestElement,createTestElement,BoundaryExtractorGui
TestJSONPathAssertionGui,testModifyTestElement,modifyTestElement,BoundaryExtractorGui
JMESPathAssertionGuiTest,testModifyTestElement,modifyTestElement,BoundaryExtractorGui
TestJSONPathAssertionGui,testClearGui,clearGui,BoundaryExtractorGui
JMESPathAssertionGuiTest,testClearGui,clearGui,BoundaryExtractorGui
TestJSONPathAssertionGui,testInit,init,BoundaryExtractorGui
JMESPathAssertionGuiTest,testInit,init,BoundaryExtractorGui
TestJSONPathAssertionGui,testGetLabelResource,getLabelResource,HtmlExtractorGui
JMESPathAssertionGuiTest,testGetLabelResource,getLabelResource,HtmlExtractorGui
TestJSONPathAssertionGui,testConfigure,configure,HtmlExtractorGui
JMESPathAssertionGuiTest,testConfigure,configure,HtmlExtractorGui
TestJSONPathAssertionGui,testCreateTestElement,createTestElement,HtmlExtractorGui
JMESPathAssertionGuiTest,testCreateTestElement,createTestElement,HtmlExtractorGui
TestJSONPathAssertionGui,testModifyTestElement,modifyTestElement,HtmlExtractorGui
JMESPathAssertionGuiTest,testModifyTestElement,modifyTestElement,HtmlExtractorGui
TestJSONPathAssertionGui,testClearGui,clearGui,HtmlExtractorGui
JMESPathAssertionGuiTest,testClearGui,clearGui,HtmlExtractorGui
TestJSONPathAssertionGui,testInit,init,HtmlExtractorGui
JMESPathAssertionGuiTest,testInit,init,HtmlExtractorGui
TestJSONPathAssertionGui,testGetLabelResource,getLabelResource,RegexExtractorGui
JMESPathAssertionGuiTest,testGetLabelResource,getLabelResource,RegexExtractorGui
TestJSONPathAssertionGui,testConfigure,configure,RegexExtractorGui
JMESPathAssertionGuiTest,testConfigure,configure,RegexExtractorGui
TestJSONPathAssertionGui,testCreateTestElement,createTestElement,RegexExtractorGui
JMESPathAssertionGuiTest,testCreateTestElement,createTestElement,RegexExtractorGui
TestJSONPathAssertionGui,testModifyTestElement,modifyTestElement,RegexExtractorGui
JMESPathAssertionGuiTest,testModifyTestElement,modifyTestElement,RegexExtractorGui
TestJSONPathAssertionGui,testClearGui,clearGui,RegexExtractorGui
JMESPathAssertionGuiTest,testClearGui,clearGui,RegexExtractorGui
TestJSONPathAssertionGui,testInit,init,RegexExtractorGui
JMESPathAssertionGuiTest,testInit,init,RegexExtractorGui
TestJSONPathAssertionGui,testGetLabelResource,getLabelResource,XPath2ExtractorGui
JMESPathAssertionGuiTest,testGetLabelResource,getLabelResource,XPath2ExtractorGui
TestJSONPathAssertionGui,testConfigure,configure,XPath2ExtractorGui
JMESPathAssertionGuiTest,testConfigure,configure,XPath2ExtractorGui
TestJSONPathAssertionGui,testCreateTestElement,createTestElement,XPath2ExtractorGui
JMESPathAssertionGuiTest,testCreateTestElement,createTestElement,XPath2ExtractorGui
TestJSONPathAssertionGui,testModifyTestElement,modifyTestElement,XPath2ExtractorGui
JMESPathAssertionGuiTest,testModifyTestElement,modifyTestElement,XPath2ExtractorGui
TestJSONPathAssertionGui,testClearGui,clearGui,XPath2ExtractorGui
JMESPathAssertionGuiTest,testClearGui,clearGui,XPath2ExtractorGui
TestJSONPathAssertionGui,testInit,init,XPath2ExtractorGui
JMESPathAssertionGuiTest,testInit,init,XPath2ExtractorGui
TestJSONPathAssertionGui,testGetLabelResource,getLabelResource,XPathExtractorGui
JMESPathAssertionGuiTest,testGetLabelResource,getLabelResource,XPathExtractorGui
TestJSONPathAssertionGui,testConfigure,configure,XPathExtractorGui
JMESPathAssertionGuiTest,testConfigure,configure,XPathExtractorGui
TestJSONPathAssertionGui,testCreateTestElement,createTestElement,XPathExtractorGui
JMESPathAssertionGuiTest,testCreateTestElement,createTestElement,XPathExtractorGui
TestJSONPathAssertionGui,testModifyTestElement,modifyTestElement,XPathExtractorGui
JMESPathAssertionGuiTest,testModifyTestElement,modifyTestElement,XPathExtractorGui
TestJSONPathAssertionGui,testClearGui,clearGui,XPathExtractorGui
JMESPathAssertionGuiTest,testClearGui,clearGui,XPathExtractorGui
TestJSONPathAssertionGui,testInit,init,XPathExtractorGui
JMESPathAssertionGuiTest,testInit,init,XPathExtractorGui
TestJSONPathAssertionGui,testGetLabelResource,getLabelResource,JMESPathExtractorGui
JMESPathAssertionGuiTest,testGetLabelResource,getLabelResource,JMESPathExtractorGui
TestJSONPathAssertionGui,testConfigure,configure,JMESPathExtractorGui
JMESPathAssertionGuiTest,testConfigure,configure,JMESPathExtractorGui
TestJSONPathAssertionGui,testCreateTestElement,createTestElement,JMESPathExtractorGui
JMESPathAssertionGuiTest,testCreateTestElement,createTestElement,JMESPathExtractorGui
TestJSONPathAssertionGui,testModifyTestElement,modifyTestElement,JMESPathExtractorGui
JMESPathAssertionGuiTest,testModifyTestElement,modifyTestElement,JMESPathExtractorGui
TestJSONPathAssertionGui,testClearGui,clearGui,JMESPathExtractorGui
JMESPathAssertionGuiTest,testClearGui,clearGui,JMESPathExtractorGui
TestJSONPathAssertionGui,testInit,init,JMESPathExtractorGui
JMESPathAssertionGuiTest,testInit,init,JMESPathExtractorGui
TestJSONPathAssertionGui,testGetLabelResource,getLabelResource,JSONPostProcessorGui
JMESPathAssertionGuiTest,testGetLabelResource,getLabelResource,JSONPostProcessorGui
TestJSONPathAssertionGui,testConfigure,configure,JSONPostProcessorGui
JMESPathAssertionGuiTest,testConfigure,configure,JSONPostProcessorGui
TestJSONPathAssertionGui,testCreateTestElement,createTestElement,JSONPostProcessorGui
JMESPathAssertionGuiTest,testCreateTestElement,createTestElement,JSONPostProcessorGui
TestJSONPathAssertionGui,testModifyTestElement,modifyTestElement,JSONPostProcessorGui
JMESPathAssertionGuiTest,testModifyTestElement,modifyTestElement,JSONPostProcessorGui
TestJSONPathAssertionGui,testClearGui,clearGui,JSONPostProcessorGui
JMESPathAssertionGuiTest,testClearGui,clearGui,JSONPostProcessorGui
TestJSONPathAssertionGui,testInit,init,JSONPostProcessorGui
JMESPathAssertionGuiTest,testInit,init,JSONPostProcessorGui
TestJSONPathAssertion,testGetJsonPath,getJsonPath,JSONManager
TestJSONPathAssertionGui,testInit,init,AbstractRenderAsJsonRenderer
JMESPathAssertionGuiTest,testInit,init,AbstractRenderAsJsonRenderer
TestJSONPathAssertionGui,testGetLabelResource,getLabelResource,CounterConfigGui
JMESPathAssertionGuiTest,testGetLabelResource,getLabelResource,CounterConfigGui
TestJSONPathAssertionGui,testCreateTestElement,createTestElement,CounterConfigGui
JMESPathAssertionGuiTest,testCreateTestElement,createTestElement,CounterConfigGui
TestJSONPathAssertionGui,testModifyTestElement,modifyTestElement,CounterConfigGui
JMESPathAssertionGuiTest,testModifyTestElement,modifyTestElement,CounterConfigGui
TestJSONPathAssertionGui,testClearGui,clearGui,CounterConfigGui
JMESPathAssertionGuiTest,testClearGui,clearGui,CounterConfigGui
TestJSONPathAssertionGui,testConfigure,configure,CounterConfigGui
JMESPathAssertionGuiTest,testConfigure,configure,CounterConfigGui
TestJSONPathAssertionGui,testInit,init,CounterConfigGui
JMESPathAssertionGuiTest,testInit,init,CounterConfigGui
TestJSONPathAssertionGui,testGetLabelResource,getLabelResource,SampleTimeoutGui
JMESPathAssertionGuiTest,testGetLabelResource,getLabelResource,SampleTimeoutGui
TestJSONPathAssertionGui,testCreateTestElement,createTestElement,SampleTimeoutGui
JMESPathAssertionGuiTest,testCreateTestElement,createTestElement,SampleTimeoutGui
TestJSONPathAssertionGui,testModifyTestElement,modifyTestElement,SampleTimeoutGui
JMESPathAssertionGuiTest,testModifyTestElement,modifyTestElement,SampleTimeoutGui
TestJSONPathAssertionGui,testConfigure,configure,SampleTimeoutGui
JMESPathAssertionGuiTest,testConfigure,configure,SampleTimeoutGui
TestJSONPathAssertionGui,testInit,init,SampleTimeoutGui
JMESPathAssertionGuiTest,testInit,init,SampleTimeoutGui
TestJSONPathAssertionGui,testClearGui,clearGui,SampleTimeoutGui
JMESPathAssertionGuiTest,testClearGui,clearGui,SampleTimeoutGui
TestJSONPathAssertionGui,testGetLabelResource,getLabelResource,UserParametersGui
JMESPathAssertionGuiTest,testGetLabelResource,getLabelResource,UserParametersGui
TestJSONPathAssertionGui,testConfigure,configure,UserParametersGui
JMESPathAssertionGuiTest,testConfigure,configure,UserParametersGui
TestJSONPathAssertionGui,testCreateTestElement,createTestElement,UserParametersGui
JMESPathAssertionGuiTest,testCreateTestElement,createTestElement,UserParametersGui
TestJSONPathAssertionGui,testModifyTestElement,modifyTestElement,UserParametersGui
JMESPathAssertionGuiTest,testModifyTestElement,modifyTestElement,UserParametersGui
TestJSONPathAssertionGui,testClearGui,clearGui,UserParametersGui
JMESPathAssertionGuiTest,testClearGui,clearGui,UserParametersGui
TestJSONPathAssertionGui,testInit,init,UserParametersGui
JMESPathAssertionGuiTest,testInit,init,UserParametersGui
TestJSONPathAssertionGui,testGetLabelResource,getLabelResource,TestActionGui
JMESPathAssertionGuiTest,testGetLabelResource,getLabelResource,TestActionGui
TestJSONPathAssertionGui,testConfigure,configure,TestActionGui
JMESPathAssertionGuiTest,testConfigure,configure,TestActionGui
TestJSONPathAssertionGui,testCreateTestElement,createTestElement,TestActionGui
JMESPathAssertionGuiTest,testCreateTestElement,createTestElement,TestActionGui
TestJSONPathAssertionGui,testModifyTestElement,modifyTestElement,TestActionGui
JMESPathAssertionGuiTest,testModifyTestElement,modifyTestElement,TestActionGui
TestJSONPathAssertionGui,testClearGui,clearGui,TestActionGui
JMESPathAssertionGuiTest,testClearGui,clearGui,TestActionGui
TestJSONPathAssertionGui,testInit,init,TestActionGui
JMESPathAssertionGuiTest,testInit,init,TestActionGui
TestJSONPathAssertionGui,testCreateTestElement,createTestElement,AbstractRandomTimerGui
JMESPathAssertionGuiTest,testCreateTestElement,createTestElement,AbstractRandomTimerGui
TestJSONPathAssertionGui,testModifyTestElement,modifyTestElement,AbstractRandomTimerGui
JMESPathAssertionGuiTest,testModifyTestElement,modifyTestElement,AbstractRandomTimerGui
TestJSONPathAssertionGui,testConfigure,configure,AbstractRandomTimerGui
JMESPathAssertionGuiTest,testConfigure,configure,AbstractRandomTimerGui
TestJSONPathAssertionGui,testInit,init,AbstractRandomTimerGui
JMESPathAssertionGuiTest,testInit,init,AbstractRandomTimerGui
TestJSONPathAssertionGui,testClearGui,clearGui,AbstractRandomTimerGui
JMESPathAssertionGuiTest,testClearGui,clearGui,AbstractRandomTimerGui
TestJSONPathAssertionGui,testGetLabelResource,getLabelResource,AbstractRandomTimerGui
JMESPathAssertionGuiTest,testGetLabelResource,getLabelResource,AbstractRandomTimerGui
TestJSONPathAssertionGui,testGetLabelResource,getLabelResource,ConstantTimerGui
JMESPathAssertionGuiTest,testGetLabelResource,getLabelResource,ConstantTimerGui
TestJSONPathAssertionGui,testCreateTestElement,createTestElement,ConstantTimerGui
JMESPathAssertionGuiTest,testCreateTestElement,createTestElement,ConstantTimerGui
TestJSONPathAssertionGui,testModifyTestElement,modifyTestElement,ConstantTimerGui
JMESPathAssertionGuiTest,testModifyTestElement,modifyTestElement,ConstantTimerGui
TestJSONPathAssertionGui,testConfigure,configure,ConstantTimerGui
JMESPathAssertionGuiTest,testConfigure,configure,ConstantTimerGui
TestJSONPathAssertionGui,testInit,init,ConstantTimerGui
JMESPathAssertionGuiTest,testInit,init,ConstantTimerGui
TestJSONPathAssertionGui,testClearGui,clearGui,ConstantTimerGui
JMESPathAssertionGuiTest,testClearGui,clearGui,ConstantTimerGui
TestJSONPathAssertionGui,testGetLabelResource,getLabelResource,GaussianRandomTimerGui
JMESPathAssertionGuiTest,testGetLabelResource,getLabelResource,GaussianRandomTimerGui
TestJSONPathAssertionGui,testGetLabelResource,getLabelResource,PoissonRandomTimerGui
JMESPathAssertionGuiTest,testGetLabelResource,getLabelResource,PoissonRandomTimerGui
TestJSONPathAssertionGui,testGetLabelResource,getLabelResource,UniformRandomTimerGui
JMESPathAssertionGuiTest,testGetLabelResource,getLabelResource,UniformRandomTimerGui
TestJSONPathAssertionGui,testGetLabelResource,getLabelResource,AssertionVisualizer
JMESPathAssertionGuiTest,testGetLabelResource,getLabelResource,AssertionVisualizer
TestJSONPathAssertionGui,testInit,init,AssertionVisualizer
JMESPathAssertionGuiTest,testInit,init,AssertionVisualizer
TestJSONPathAssertionGui,testGetLabelResource,getLabelResource,BackendListenerGui
JMESPathAssertionGuiTest,testGetLabelResource,getLabelResource,BackendListenerGui
TestJSONPathAssertionGui,testInit,init,BackendListenerGui
JMESPathAssertionGuiTest,testInit,init,BackendListenerGui
TestJSONPathAssertionGui,testConfigure,configure,BackendListenerGui
JMESPathAssertionGuiTest,testConfigure,configure,BackendListenerGui
TestJSONPathAssertionGui,testCreateTestElement,createTestElement,BackendListenerGui
JMESPathAssertionGuiTest,testCreateTestElement,createTestElement,BackendListenerGui
TestJSONPathAssertionGui,testModifyTestElement,modifyTestElement,BackendListenerGui
JMESPathAssertionGuiTest,testModifyTestElement,modifyTestElement,BackendListenerGui
TestJSONPathAssertionGui,testClearGui,clearGui,BackendListenerGui
JMESPathAssertionGuiTest,testClearGui,clearGui,BackendListenerGui
TestJSONPathAssertionGui,testGetLabelResource,getLabelResource,ComparisonVisualizer
JMESPathAssertionGuiTest,testGetLabelResource,getLabelResource,ComparisonVisualizer
TestJSONPathAssertionGui,testInit,init,ComparisonVisualizer
JMESPathAssertionGuiTest,testInit,init,ComparisonVisualizer
TestJSONPathAssertionGui,testGetLabelResource,getLabelResource,GraphVisualizer
JMESPathAssertionGuiTest,testGetLabelResource,getLabelResource,GraphVisualizer
TestJSONPathAssertionGui,testInit,init,GraphVisualizer
JMESPathAssertionGuiTest,testInit,init,GraphVisualizer
TestJSONPathAssertionGui,testGetLabelResource,getLabelResource,MailerVisualizer
JMESPathAssertionGuiTest,testGetLabelResource,getLabelResource,MailerVisualizer
TestJSONPathAssertionGui,testConfigure,configure,MailerVisualizer
JMESPathAssertionGuiTest,testConfigure,configure,MailerVisualizer
TestJSONPathAssertionGui,testCreateTestElement,createTestElement,MailerVisualizer
JMESPathAssertionGuiTest,testCreateTestElement,createTestElement,MailerVisualizer
TestJSONPathAssertionGui,testModifyTestElement,modifyTestElement,MailerVisualizer
JMESPathAssertionGuiTest,testModifyTestElement,modifyTestElement,MailerVisualizer
TestJSONPathAssertionGui,testGetLabelResource,getLabelResource,PropertyControlGui
JMESPathAssertionGuiTest,testGetLabelResource,getLabelResource,PropertyControlGui
TestJSONPathAssertionGui,testCreateTestElement,createTestElement,PropertyControlGui
JMESPathAssertionGuiTest,testCreateTestElement,createTestElement,PropertyControlGui
TestJSONPathAssertionGui,testConfigure,configure,PropertyControlGui
JMESPathAssertionGuiTest,testConfigure,configure,PropertyControlGui
TestJSONPathAssertionGui,testModifyTestElement,modifyTestElement,PropertyControlGui
JMESPathAssertionGuiTest,testModifyTestElement,modifyTestElement,PropertyControlGui
TestJSONPathAssertionGui,testInit,init,PropertyControlGui
JMESPathAssertionGuiTest,testInit,init,PropertyControlGui
TestJSONPathAssertionGui,testInit,init,RenderAsBoundaryExtractor
JMESPathAssertionGuiTest,testInit,init,RenderAsBoundaryExtractor
TestJSONPathAssertionGui,testInit,init,RenderAsCssJQuery
JMESPathAssertionGuiTest,testInit,init,RenderAsCssJQuery
TestJSONPathAssertionGui,testInit,init,RenderAsRegexp
JMESPathAssertionGuiTest,testInit,init,RenderAsRegexp
TestJSONPathAssertionGui,testInit,init,RenderAsXPath
JMESPathAssertionGuiTest,testInit,init,RenderAsXPath
TestJSONPathAssertionGui,testInit,init,RenderAsXPath2
JMESPathAssertionGuiTest,testInit,init,RenderAsXPath2
TestJSONPathAssertionGui,testInit,init,RequestView
JMESPathAssertionGuiTest,testInit,init,RequestView
TestJSONPathAssertionGui,testInit,init,RequestViewRaw
JMESPathAssertionGuiTest,testInit,init,RequestViewRaw
TestJSONPathAssertionGui,testGetLabelResource,getLabelResource,RespTimeGraphVisualizer
JMESPathAssertionGuiTest,testGetLabelResource,getLabelResource,RespTimeGraphVisualizer
TestJSONPathAssertionGui,testInit,init,RespTimeGraphVisualizer
JMESPathAssertionGuiTest,testInit,init,RespTimeGraphVisualizer
TestJSONPathAssertionGui,testConfigure,configure,RespTimeGraphVisualizer
JMESPathAssertionGuiTest,testConfigure,configure,RespTimeGraphVisualizer
TestJSONPathAssertionGui,testModifyTestElement,modifyTestElement,RespTimeGraphVisualizer
JMESPathAssertionGuiTest,testModifyTestElement,modifyTestElement,RespTimeGraphVisualizer
TestJSONPathAssertionGui,testClearGui,clearGui,RespTimeGraphVisualizer
JMESPathAssertionGuiTest,testClearGui,clearGui,RespTimeGraphVisualizer
TestJSONPathAssertionGui,testInit,init,ResultRenderer
JMESPathAssertionGuiTest,testInit,init,ResultRenderer
TestJSONPathAssertionGui,testInit,init,SamplerResultTab
JMESPathAssertionGuiTest,testInit,init,SamplerResultTab
TestJSONPathAssertionGui,testInit,init,SearchTreePanel
JMESPathAssertionGuiTest,testInit,init,SearchTreePanel
TestJSONPathAssertionGui,testGetLabelResource,getLabelResource,SimpleDataWriter
JMESPathAssertionGuiTest,testGetLabelResource,getLabelResource,SimpleDataWriter
TestJSONPathAssertionGui,testInit,init,SimpleDataWriter
JMESPathAssertionGuiTest,testInit,init,SimpleDataWriter
TestJSONPathAssertionGui,testGetLabelResource,getLabelResource,StatGraphVisualizer
JMESPathAssertionGuiTest,testGetLabelResource,getLabelResource,StatGraphVisualizer
TestJSONPathAssertionGui,testInit,init,StatGraphVisualizer
JMESPathAssertionGuiTest,testInit,init,StatGraphVisualizer
TestJSONPathAssertionGui,testGetLabelResource,getLabelResource,StatVisualizer
JMESPathAssertionGuiTest,testGetLabelResource,getLabelResource,StatVisualizer
TestJSONPathAssertionGui,testInit,init,StatVisualizer
JMESPathAssertionGuiTest,testInit,init,StatVisualizer
TestJSONPathAssertionGui,testModifyTestElement,modifyTestElement,StatVisualizer
JMESPathAssertionGuiTest,testModifyTestElement,modifyTestElement,StatVisualizer
TestJSONPathAssertionGui,testConfigure,configure,StatVisualizer
JMESPathAssertionGuiTest,testConfigure,configure,StatVisualizer
TestJSONPathAssertionGui,testGetLabelResource,getLabelResource,SummaryReport
JMESPathAssertionGuiTest,testGetLabelResource,getLabelResource,SummaryReport
TestJSONPathAssertionGui,testInit,init,SummaryReport
JMESPathAssertionGuiTest,testInit,init,SummaryReport
TestJSONPathAssertionGui,testModifyTestElement,modifyTestElement,SummaryReport
JMESPathAssertionGuiTest,testModifyTestElement,modifyTestElement,SummaryReport
TestJSONPathAssertionGui,testConfigure,configure,SummaryReport
JMESPathAssertionGuiTest,testConfigure,configure,SummaryReport
TestJSONPathAssertionGui,testGetLabelResource,getLabelResource,TableVisualizer
JMESPathAssertionGuiTest,testGetLabelResource,getLabelResource,TableVisualizer
TestJSONPathAssertionGui,testInit,init,TableVisualizer
JMESPathAssertionGuiTest,testInit,init,TableVisualizer
TestJSONPathAssertionGui,testGetLabelResource,getLabelResource,ViewResultsFullVisualizer
JMESPathAssertionGuiTest,testGetLabelResource,getLabelResource,ViewResultsFullVisualizer
TestJSONPathAssertionGui,testInit,init,ViewResultsFullVisualizer
JMESPathAssertionGuiTest,testInit,init,ViewResultsFullVisualizer
TestJSONPathAssertionGui,testGetLabelResource,getLabelResource,ArgumentsPanel
JMESPathAssertionGuiTest,testGetLabelResource,getLabelResource,ArgumentsPanel
TestJSONPathAssertionGui,testCreateTestElement,createTestElement,ArgumentsPanel
JMESPathAssertionGuiTest,testCreateTestElement,createTestElement,ArgumentsPanel
TestJSONPathAssertionGui,testModifyTestElement,modifyTestElement,ArgumentsPanel
JMESPathAssertionGuiTest,testModifyTestElement,modifyTestElement,ArgumentsPanel
TestJSONPathAssertionGui,testConfigure,configure,ArgumentsPanel
JMESPathAssertionGuiTest,testConfigure,configure,ArgumentsPanel
TestJSONPathAssertionGui,testClearGui,clearGui,ArgumentsPanel
JMESPathAssertionGuiTest,testClearGui,clearGui,ArgumentsPanel
TestJSONPathAssertionGui,testInit,init,ArgumentsPanel
JMESPathAssertionGuiTest,testInit,init,ArgumentsPanel
TestJSONPathAssertionGui,testGetLabelResource,getLabelResource,LoginConfigGui
JMESPathAssertionGuiTest,testGetLabelResource,getLabelResource,LoginConfigGui
TestJSONPathAssertionGui,testConfigure,configure,LoginConfigGui
JMESPathAssertionGuiTest,testConfigure,configure,LoginConfigGui
TestJSONPathAssertionGui,testCreateTestElement,createTestElement,LoginConfigGui
JMESPathAssertionGuiTest,testCreateTestElement,createTestElement,LoginConfigGui
TestJSONPathAssertionGui,testModifyTestElement,modifyTestElement,LoginConfigGui
JMESPathAssertionGuiTest,testModifyTestElement,modifyTestElement,LoginConfigGui
TestJSONPathAssertionGui,testClearGui,clearGui,LoginConfigGui
JMESPathAssertionGuiTest,testClearGui,clearGui,LoginConfigGui
TestJSONPathAssertionGui,testInit,init,LoginConfigGui
JMESPathAssertionGuiTest,testInit,init,LoginConfigGui
TestJSONPathAssertionGui,testInit,init,ObsoleteGui
JMESPathAssertionGuiTest,testInit,init,ObsoleteGui
TestJSONPathAssertionGui,testGetLabelResource,getLabelResource,ObsoleteGui
JMESPathAssertionGuiTest,testGetLabelResource,getLabelResource,ObsoleteGui
TestJSONPathAssertionGui,testCreateTestElement,createTestElement,ObsoleteGui
JMESPathAssertionGuiTest,testCreateTestElement,createTestElement,ObsoleteGui
TestJSONPathAssertionGui,testModifyTestElement,modifyTestElement,ObsoleteGui
JMESPathAssertionGuiTest,testModifyTestElement,modifyTestElement,ObsoleteGui
TestJSONPathAssertionGui,testInit,init,RowDetailDialog
JMESPathAssertionGuiTest,testInit,init,RowDetailDialog
TestJSONPathAssertionGui,testGetLabelResource,getLabelResource,SimpleConfigGui
JMESPathAssertionGuiTest,testGetLabelResource,getLabelResource,SimpleConfigGui
TestJSONPathAssertionGui,testConfigure,configure,SimpleConfigGui
JMESPathAssertionGuiTest,testConfigure,configure,SimpleConfigGui
TestJSONPathAssertionGui,testCreateTestElement,createTestElement,SimpleConfigGui
JMESPathAssertionGuiTest,testCreateTestElement,createTestElement,SimpleConfigGui
TestJSONPathAssertionGui,testModifyTestElement,modifyTestElement,SimpleConfigGui
JMESPathAssertionGuiTest,testModifyTestElement,modifyTestElement,SimpleConfigGui
TestJSONPathAssertionGui,testInit,init,SimpleConfigGui
JMESPathAssertionGuiTest,testInit,init,SimpleConfigGui
TestJSONPathAssertionGui,testConfigure,configure,IfControllerPanel
JMESPathAssertionGuiTest,testConfigure,configure,IfControllerPanel
TestJSONPathAssertionGui,testCreateTestElement,createTestElement,IfControllerPanel
JMESPathAssertionGuiTest,testCreateTestElement,createTestElement,IfControllerPanel
TestJSONPathAssertionGui,testModifyTestElement,modifyTestElement,IfControllerPanel
JMESPathAssertionGuiTest,testModifyTestElement,modifyTestElement,IfControllerPanel
TestJSONPathAssertionGui,testClearGui,clearGui,IfControllerPanel
JMESPathAssertionGuiTest,testClearGui,clearGui,IfControllerPanel
TestJSONPathAssertionGui,testGetLabelResource,getLabelResource,IfControllerPanel
JMESPathAssertionGuiTest,testGetLabelResource,getLabelResource,IfControllerPanel
TestJSONPathAssertionGui,testInit,init,IfControllerPanel
JMESPathAssertionGuiTest,testInit,init,IfControllerPanel
TestJSONPathAssertionGui,testCreateTestElement,createTestElement,LogicControllerGui
JMESPathAssertionGuiTest,testCreateTestElement,createTestElement,LogicControllerGui
TestJSONPathAssertionGui,testModifyTestElement,modifyTestElement,LogicControllerGui
JMESPathAssertionGuiTest,testModifyTestElement,modifyTestElement,LogicControllerGui
TestJSONPathAssertionGui,testGetLabelResource,getLabelResource,LogicControllerGui
JMESPathAssertionGuiTest,testGetLabelResource,getLabelResource,LogicControllerGui
TestJSONPathAssertionGui,testInit,init,LogicControllerGui
JMESPathAssertionGuiTest,testInit,init,LogicControllerGui
TestJSONPathAssertionGui,testConfigure,configure,LoopControlPanel
JMESPathAssertionGuiTest,testConfigure,configure,LoopControlPanel
TestJSONPathAssertionGui,testCreateTestElement,createTestElement,LoopControlPanel
JMESPathAssertionGuiTest,testCreateTestElement,createTestElement,LoopControlPanel
TestJSONPathAssertionGui,testModifyTestElement,modifyTestElement,LoopControlPanel
JMESPathAssertionGuiTest,testModifyTestElement,modifyTestElement,LoopControlPanel
TestJSONPathAssertionGui,testClearGui,clearGui,LoopControlPanel
JMESPathAssertionGuiTest,testClearGui,clearGui,LoopControlPanel
TestJSONPathAssertionGui,testGetLabelResource,getLabelResource,LoopControlPanel
JMESPathAssertionGuiTest,testGetLabelResource,getLabelResource,LoopControlPanel
TestJSONPathAssertionGui,testInit,init,LoopControlPanel
JMESPathAssertionGuiTest,testInit,init,LoopControlPanel
TestJSONPathAssertionGui,testConfigure,configure,RunTimeGui
JMESPathAssertionGuiTest,testConfigure,configure,RunTimeGui
TestJSONPathAssertionGui,testCreateTestElement,createTestElement,RunTimeGui
JMESPathAssertionGuiTest,testCreateTestElement,createTestElement,RunTimeGui
TestJSONPathAssertionGui,testModifyTestElement,modifyTestElement,RunTimeGui
JMESPathAssertionGuiTest,testModifyTestElement,modifyTestElement,RunTimeGui
TestJSONPathAssertionGui,testClearGui,clearGui,RunTimeGui
JMESPathAssertionGuiTest,testClearGui,clearGui,RunTimeGui
TestJSONPathAssertionGui,testGetLabelResource,getLabelResource,RunTimeGui
JMESPathAssertionGuiTest,testGetLabelResource,getLabelResource,RunTimeGui
TestJSONPathAssertionGui,testInit,init,RunTimeGui
JMESPathAssertionGuiTest,testInit,init,RunTimeGui
TestJSONPathAssertionGui,testCreateTestElement,createTestElement,TestFragmentControllerGui
JMESPathAssertionGuiTest,testCreateTestElement,createTestElement,TestFragmentControllerGui
TestJSONPathAssertionGui,testModifyTestElement,modifyTestElement,TestFragmentControllerGui
JMESPathAssertionGuiTest,testModifyTestElement,modifyTestElement,TestFragmentControllerGui
TestJSONPathAssertionGui,testGetLabelResource,getLabelResource,TestFragmentControllerGui
JMESPathAssertionGuiTest,testGetLabelResource,getLabelResource,TestFragmentControllerGui
TestJSONPathAssertionGui,testInit,init,TestFragmentControllerGui
JMESPathAssertionGuiTest,testInit,init,TestFragmentControllerGui
TestJSONPathAssertionGui,testCreateTestElement,createTestElement,TestPlanGui
JMESPathAssertionGuiTest,testCreateTestElement,createTestElement,TestPlanGui
TestJSONPathAssertionGui,testModifyTestElement,modifyTestElement,TestPlanGui
JMESPathAssertionGuiTest,testModifyTestElement,modifyTestElement,TestPlanGui
TestJSONPathAssertionGui,testGetLabelResource,getLabelResource,TestPlanGui
JMESPathAssertionGuiTest,testGetLabelResource,getLabelResource,TestPlanGui
TestJSONPathAssertionGui,testConfigure,configure,TestPlanGui
JMESPathAssertionGuiTest,testConfigure,configure,TestPlanGui
TestJSONPathAssertionGui,testInit,init,TestPlanGui
JMESPathAssertionGuiTest,testInit,init,TestPlanGui
TestJSONPathAssertionGui,testClearGui,clearGui,TestPlanGui
JMESPathAssertionGuiTest,testClearGui,clearGui,TestPlanGui
TestJSONPathAssertionGui,testCreateTestElement,createTestElement,TransactionControllerGui
JMESPathAssertionGuiTest,testCreateTestElement,createTestElement,TransactionControllerGui
TestJSONPathAssertionGui,testConfigure,configure,TransactionControllerGui
JMESPathAssertionGuiTest,testConfigure,configure,TransactionControllerGui
TestJSONPathAssertionGui,testModifyTestElement,modifyTestElement,TransactionControllerGui
JMESPathAssertionGuiTest,testModifyTestElement,modifyTestElement,TransactionControllerGui
TestJSONPathAssertionGui,testGetLabelResource,getLabelResource,TransactionControllerGui
JMESPathAssertionGuiTest,testGetLabelResource,getLabelResource,TransactionControllerGui
TestJSONPathAssertionGui,testInit,init,TransactionControllerGui
JMESPathAssertionGuiTest,testInit,init,TransactionControllerGui
TestJSONPathAssertionGui,testConfigure,configure,WhileControllerGui
JMESPathAssertionGuiTest,testConfigure,configure,WhileControllerGui
TestJSONPathAssertionGui,testCreateTestElement,createTestElement,WhileControllerGui
JMESPathAssertionGuiTest,testCreateTestElement,createTestElement,WhileControllerGui
TestJSONPathAssertionGui,testModifyTestElement,modifyTestElement,WhileControllerGui
JMESPathAssertionGuiTest,testModifyTestElement,modifyTestElement,WhileControllerGui
TestJSONPathAssertionGui,testClearGui,clearGui,WhileControllerGui
JMESPathAssertionGuiTest,testClearGui,clearGui,WhileControllerGui
TestJSONPathAssertionGui,testGetLabelResource,getLabelResource,WhileControllerGui
JMESPathAssertionGuiTest,testGetLabelResource,getLabelResource,WhileControllerGui
TestJSONPathAssertionGui,testInit,init,WhileControllerGui
JMESPathAssertionGuiTest,testInit,init,WhileControllerGui
TestJSONPathAssertionGui,testCreateTestElement,createTestElement,WorkBenchGui
JMESPathAssertionGuiTest,testCreateTestElement,createTestElement,WorkBenchGui
TestJSONPathAssertionGui,testModifyTestElement,modifyTestElement,WorkBenchGui
JMESPathAssertionGuiTest,testModifyTestElement,modifyTestElement,WorkBenchGui
TestJSONPathAssertionGui,testConfigure,configure,WorkBenchGui
JMESPathAssertionGuiTest,testConfigure,configure,WorkBenchGui
TestJSONPathAssertionGui,testClearGui,clearGui,WorkBenchGui
JMESPathAssertionGuiTest,testClearGui,clearGui,WorkBenchGui
TestJSONPathAssertionGui,testGetLabelResource,getLabelResource,WorkBenchGui
JMESPathAssertionGuiTest,testGetLabelResource,getLabelResource,WorkBenchGui
TestJSONPathAssertionGui,testInit,init,WorkBenchGui
JMESPathAssertionGuiTest,testInit,init,WorkBenchGui
TestJSONPathAssertionGui,testConfigure,configure,ClientJMeterEngine
JMESPathAssertionGuiTest,testConfigure,configure,ClientJMeterEngine
TestJSONPathAssertionGui,testInit,init,DistributedRunner
JMESPathAssertionGuiTest,testInit,init,DistributedRunner
TestJSONPathAssertionGui,testConfigure,configure,JMeterEngine
JMESPathAssertionGuiTest,testConfigure,configure,JMeterEngine
TestJSONPathAssertionGui,testInit,init,RemoteJMeterEngineImpl
JMESPathAssertionGuiTest,testInit,init,RemoteJMeterEngineImpl
TestJSONPathAssertionGui,testConfigure,configure,StandardJMeterEngine
JMESPathAssertionGuiTest,testConfigure,configure,StandardJMeterEngine
TestJSONPathAssertionGui,testInit,init,FunctionHelper
JMESPathAssertionGuiTest,testInit,init,FunctionHelper
TestJSONPathAssertionGui,testConfigure,configure,AbstractJMeterGuiComponent
JMESPathAssertionGuiTest,testConfigure,configure,AbstractJMeterGuiComponent
TestJSONPathAssertionGui,testClearGui,clearGui,AbstractJMeterGuiComponent
JMESPathAssertionGuiTest,testClearGui,clearGui,AbstractJMeterGuiComponent
TestJSONPathAssertionGui,testInit,init,AbstractJMeterGuiComponent
JMESPathAssertionGuiTest,testInit,init,AbstractJMeterGuiComponent
TestJSONPathAssertionGui,testGetStaticLabel,getStaticLabel,AbstractJMeterGuiComponent
JMESPathAssertionGuiTest,testGetStaticLabel,getStaticLabel,AbstractJMeterGuiComponent
TestJSONPathAssertionGui,testClearGui,clearGui,AbstractScopedJMeterGuiComponent
JMESPathAssertionGuiTest,testClearGui,clearGui,AbstractScopedJMeterGuiComponent
TestJSONPathAssertionGui,testInit,init,SearchTreeDialog
JMESPathAssertionGuiTest,testInit,init,SearchTreeDialog
TestJSONPathAssertionGui,testInit,init,SelectTemplatesDialog
JMESPathAssertionGuiTest,testInit,init,SelectTemplatesDialog
TestJSONPathAssertionGui,testClearGui,clearGui,ClearGui
JMESPathAssertionGuiTest,testClearGui,clearGui,ClearGui
TestJSONPathAssertionGui,testInit,init,CommentPanel
JMESPathAssertionGuiTest,testInit,init,CommentPanel
TestJSONPathAssertionGui,testClearGui,clearGui,CommentPanel
JMESPathAssertionGuiTest,testClearGui,clearGui,CommentPanel
TestJSONPathAssertionGui,testCreateTestElement,createTestElement,GuiPackage
JMESPathAssertionGuiTest,testCreateTestElement,createTestElement,GuiPackage
TestJSONPathAssertionGui,testCreateTestElement,createTestElement,GuiPackage
JMESPathAssertionGuiTest,testCreateTestElement,createTestElement,GuiPackage
TestJSONPathAssertionGui,testGetStaticLabel,getStaticLabel,JMeterGUIComponent
JMESPathAssertionGuiTest,testGetStaticLabel,getStaticLabel,JMeterGUIComponent
TestJSONPathAssertionGui,testGetLabelResource,getLabelResource,JMeterGUIComponent
JMESPathAssertionGuiTest,testGetLabelResource,getLabelResource,JMeterGUIComponent
TestJSONPathAssertionGui,testCreateTestElement,createTestElement,JMeterGUIComponent
JMESPathAssertionGuiTest,testCreateTestElement,createTestElement,JMeterGUIComponent
TestJSONPathAssertionGui,testModifyTestElement,modifyTestElement,JMeterGUIComponent
JMESPathAssertionGuiTest,testModifyTestElement,modifyTestElement,JMeterGUIComponent
TestJSONPathAssertionGui,testConfigure,configure,JMeterGUIComponent
JMESPathAssertionGuiTest,testConfigure,configure,JMeterGUIComponent
TestJSONPathAssertionGui,testInit,init,LoggerPanel
JMESPathAssertionGuiTest,testInit,init,LoggerPanel
TestJSONPathAssertionGui,testInit,init,MainFrame
JMESPathAssertionGuiTest,testInit,init,MainFrame
TestJSONPathAssertionGui,testGetLabelResource,getLabelResource,StaticJMeterGUIComponent
JMESPathAssertionGuiTest,testGetLabelResource,getLabelResource,StaticJMeterGUIComponent
TestJSONPathAssertionGui,testGetStaticLabel,getStaticLabel,StaticJMeterGUIComponent
JMESPathAssertionGuiTest,testGetStaticLabel,getStaticLabel,StaticJMeterGUIComponent
TestJSONPathAssertionGui,testCreateTestElement,createTestElement,StaticJMeterGUIComponent
JMESPathAssertionGuiTest,testCreateTestElement,createTestElement,StaticJMeterGUIComponent
TestJSONPathAssertionGui,testModifyTestElement,modifyTestElement,StaticJMeterGUIComponent
JMESPathAssertionGuiTest,testModifyTestElement,modifyTestElement,StaticJMeterGUIComponent
TestJSONPathAssertionGui,testConfigure,configure,StaticJMeterGUIComponent
JMESPathAssertionGuiTest,testConfigure,configure,StaticJMeterGUIComponent
TestJSONPathAssertionGui,testClearGui,clearGui,StaticJMeterGUIComponent
JMESPathAssertionGuiTest,testClearGui,clearGui,StaticJMeterGUIComponent
TestJSONPathAssertionGui,testInit,init,NamePanel
JMESPathAssertionGuiTest,testInit,init,NamePanel
TestJSONPathAssertionGui,testClearGui,clearGui,NamePanel
JMESPathAssertionGuiTest,testClearGui,clearGui,NamePanel
TestJSONPathAssertionGui,testConfigure,configure,NamePanel
JMESPathAssertionGuiTest,testConfigure,configure,NamePanel
TestJSONPathAssertionGui,testGetStaticLabel,getStaticLabel,NamePanel
JMESPathAssertionGuiTest,testGetStaticLabel,getStaticLabel,NamePanel
TestJSONPathAssertionGui,testGetLabelResource,getLabelResource,NamePanel
JMESPathAssertionGuiTest,testGetLabelResource,getLabelResource,NamePanel
TestJSONPathAssertionGui,testCreateTestElement,createTestElement,NamePanel
JMESPathAssertionGuiTest,testCreateTestElement,createTestElement,NamePanel
TestJSONPathAssertionGui,testModifyTestElement,modifyTestElement,NamePanel
JMESPathAssertionGuiTest,testModifyTestElement,modifyTestElement,NamePanel
TestJSONPathAssertionGui,testInit,init,OnErrorPanel
JMESPathAssertionGuiTest,testInit,init,OnErrorPanel
TestJSONPathAssertionGui,testConfigure,configure,OnErrorPanel
JMESPathAssertionGuiTest,testConfigure,configure,OnErrorPanel
TestValueReplacer,testReplace,replace,Replaceable
TestJSONPathAssertionGui,testInit,init,ServerPanel
JMESPathAssertionGuiTest,testInit,init,ServerPanel
TestJSONPathAssertionGui,testGetStaticLabel,getStaticLabel,JMeterTreeNode
JMESPathAssertionGuiTest,testGetStaticLabel,getStaticLabel,JMeterTreeNode
TestJSONPathAssertionGui,testInit,init,FileListPanel
JMESPathAssertionGuiTest,testInit,init,FileListPanel
TestJSONPathAssertionGui,testInit,init,FilePanel
JMESPathAssertionGuiTest,testInit,init,FilePanel
TestJSONPathAssertionGui,testInit,init,FilePanelEntry
JMESPathAssertionGuiTest,testInit,init,FilePanelEntry
TestJSONPathAssertionGui,testClearGui,clearGui,FilePanelEntry
JMESPathAssertionGuiTest,testClearGui,clearGui,FilePanelEntry
TestJSONPathAssertionGui,testInit,init,JLabeledRadioI18N
JMESPathAssertionGuiTest,testInit,init,JLabeledRadioI18N
TestJSONPathAssertionGui,testInit,init,JSyntaxSearchToolBar
JMESPathAssertionGuiTest,testInit,init,JSyntaxSearchToolBar
JSyntaxTextAreaTest,testSetLanguage,setLanguage,JSyntaxTextArea
TestJSONPathAssertionGui,testInit,init,TextBoxDialoger
JMESPathAssertionGuiTest,testInit,init,TextBoxDialoger
TestJSONPathAssertionGui,testGetLabelResource,getLabelResource,ResultActionGui
JMESPathAssertionGuiTest,testGetLabelResource,getLabelResource,ResultActionGui
TestJSONPathAssertionGui,testConfigure,configure,ResultActionGui
JMESPathAssertionGuiTest,testConfigure,configure,ResultActionGui
TestJSONPathAssertionGui,testCreateTestElement,createTestElement,ResultActionGui
JMESPathAssertionGuiTest,testCreateTestElement,createTestElement,ResultActionGui
TestJSONPathAssertionGui,testModifyTestElement,modifyTestElement,ResultActionGui
JMESPathAssertionGuiTest,testModifyTestElement,modifyTestElement,ResultActionGui
TestJSONPathAssertionGui,testClearGui,clearGui,ResultActionGui
JMESPathAssertionGuiTest,testClearGui,clearGui,ResultActionGui
TestJSONPathAssertionGui,testInit,init,ResultActionGui
JMESPathAssertionGuiTest,testInit,init,ResultActionGui
TestJSONPathAssertionGui,testGetLabelResource,getLabelResource,ResultSaverGui
JMESPathAssertionGuiTest,testGetLabelResource,getLabelResource,ResultSaverGui
TestJSONPathAssertionGui,testConfigure,configure,ResultSaverGui
JMESPathAssertionGuiTest,testConfigure,configure,ResultSaverGui
TestJSONPathAssertionGui,testCreateTestElement,createTestElement,ResultSaverGui
JMESPathAssertionGuiTest,testCreateTestElement,createTestElement,ResultSaverGui
TestJSONPathAssertionGui,testModifyTestElement,modifyTestElement,ResultSaverGui
JMESPathAssertionGuiTest,testModifyTestElement,modifyTestElement,ResultSaverGui
TestJSONPathAssertionGui,testClearGui,clearGui,ResultSaverGui
JMESPathAssertionGuiTest,testClearGui,clearGui,ResultSaverGui
TestJSONPathAssertionGui,testInit,init,ResultSaverGui
JMESPathAssertionGuiTest,testInit,init,ResultSaverGui
TestJSONPathAssertionGui,testGetLabelResource,getLabelResource,SummariserGui
JMESPathAssertionGuiTest,testGetLabelResource,getLabelResource,SummariserGui
TestJSONPathAssertionGui,testConfigure,configure,SummariserGui
JMESPathAssertionGuiTest,testConfigure,configure,SummariserGui
TestJSONPathAssertionGui,testCreateTestElement,createTestElement,SummariserGui
JMESPathAssertionGuiTest,testCreateTestElement,createTestElement,SummariserGui
TestJSONPathAssertionGui,testModifyTestElement,modifyTestElement,SummariserGui
JMESPathAssertionGuiTest,testModifyTestElement,modifyTestElement,SummariserGui
TestJSONPathAssertionGui,testInit,init,SummariserGui
JMESPathAssertionGuiTest,testInit,init,SummariserGui
TestJSONPathAssertionGui,testInit,init,SummariserRunningSample
JMESPathAssertionGuiTest,testInit,init,SummariserRunningSample
TestJSONPathAssertionGui,testClearGui,clearGui,ComboStringEditor
JMESPathAssertionGuiTest,testClearGui,clearGui,ComboStringEditor
TestJSONPathAssertionGui,testClearGui,clearGui,EnumEditor
JMESPathAssertionGuiTest,testClearGui,clearGui,EnumEditor
TestJSONPathAssertionGui,testInit,init,GenericTestBeanCustomizer
JMESPathAssertionGuiTest,testInit,init,GenericTestBeanCustomizer
TestJSONPathAssertionGui,testClearGui,clearGui,TableEditor
JMESPathAssertionGuiTest,testClearGui,clearGui,TableEditor
TestJSONPathAssertionGui,testGetStaticLabel,getStaticLabel,TestBeanGUI
JMESPathAssertionGuiTest,testGetStaticLabel,getStaticLabel,TestBeanGUI
TestJSONPathAssertionGui,testCreateTestElement,createTestElement,TestBeanGUI
JMESPathAssertionGuiTest,testCreateTestElement,createTestElement,TestBeanGUI
TestJSONPathAssertionGui,testModifyTestElement,modifyTestElement,TestBeanGUI
JMESPathAssertionGuiTest,testModifyTestElement,modifyTestElement,TestBeanGUI
TestJSONPathAssertionGui,testConfigure,configure,TestBeanGUI
JMESPathAssertionGuiTest,testConfigure,configure,TestBeanGUI
TestJSONPathAssertionGui,testInit,init,TestBeanGUI
JMESPathAssertionGuiTest,testInit,init,TestBeanGUI
TestJSONPathAssertionGui,testGetLabelResource,getLabelResource,TestBeanGUI
JMESPathAssertionGuiTest,testGetLabelResource,getLabelResource,TestBeanGUI
TestJSONPathAssertionGui,testClearGui,clearGui,TestBeanGUI
JMESPathAssertionGuiTest,testClearGui,clearGui,TestBeanGUI
TestJSONPathAssertionGui,testInit,init,TextAreaEditor
JMESPathAssertionGuiTest,testInit,init,TextAreaEditor
TestSampleCompareTo,testCompareTo,compareTo,AbstractProperty
TestSampleCompareTo,testCompareTo,compareTo,NumberProperty
TestJSONPathAssertionGui,testClearGui,clearGui,AbstractThreadGroupGui
JMESPathAssertionGuiTest,testClearGui,clearGui,AbstractThreadGroupGui
TestJSONPathAssertionGui,testInit,init,AbstractThreadGroupGui
JMESPathAssertionGuiTest,testInit,init,AbstractThreadGroupGui
TestJSONPathAssertionGui,testConfigure,configure,AbstractThreadGroupGui
JMESPathAssertionGuiTest,testConfigure,configure,AbstractThreadGroupGui
TestJSONPathAssertionGui,testGetLabelResource,getLabelResource,PostThreadGroupGui
JMESPathAssertionGuiTest,testGetLabelResource,getLabelResource,PostThreadGroupGui
TestJSONPathAssertionGui,testCreateTestElement,createTestElement,PostThreadGroupGui
JMESPathAssertionGuiTest,testCreateTestElement,createTestElement,PostThreadGroupGui
TestJSONPathAssertionGui,testGetLabelResource,getLabelResource,SetupThreadGroupGui
JMESPathAssertionGuiTest,testGetLabelResource,getLabelResource,SetupThreadGroupGui
TestJSONPathAssertionGui,testCreateTestElement,createTestElement,SetupThreadGroupGui
JMESPathAssertionGuiTest,testCreateTestElement,createTestElement,SetupThreadGroupGui
TestJSONPathAssertionGui,testCreateTestElement,createTestElement,ThreadGroupGui
JMESPathAssertionGuiTest,testCreateTestElement,createTestElement,ThreadGroupGui
TestJSONPathAssertionGui,testModifyTestElement,modifyTestElement,ThreadGroupGui
JMESPathAssertionGuiTest,testModifyTestElement,modifyTestElement,ThreadGroupGui
TestJSONPathAssertionGui,testConfigure,configure,ThreadGroupGui
JMESPathAssertionGuiTest,testConfigure,configure,ThreadGroupGui
TestJSONPathAssertionGui,testGetLabelResource,getLabelResource,ThreadGroupGui
JMESPathAssertionGuiTest,testGetLabelResource,getLabelResource,ThreadGroupGui
TestJSONPathAssertionGui,testClearGui,clearGui,ThreadGroupGui
JMESPathAssertionGuiTest,testClearGui,clearGui,ThreadGroupGui
TestJSONPathAssertionGui,testInit,init,ThreadGroupGui
JMESPathAssertionGuiTest,testInit,init,ThreadGroupGui
TestJSONPathAssertionGui,testInit,init,BeanShellInterpreter
JMESPathAssertionGuiTest,testInit,init,BeanShellInterpreter
TestSamplingStatCalculator,testGetAvgPageBytes,getAvgPageBytes,Calculator
TestJSONPathAssertionGui,testInit,init,ScopePanel
JMESPathAssertionGuiTest,testInit,init,ScopePanel
TestJSONPathAssertionGui,testClearGui,clearGui,ScopePanel
JMESPathAssertionGuiTest,testClearGui,clearGui,ScopePanel
TestJSONPathAssertionGui,testClearGui,clearGui,JSR223ScriptCacheCheckboxEditor
JMESPathAssertionGuiTest,testClearGui,clearGui,JSR223ScriptCacheCheckboxEditor
TestJSONPathAssertionGui,testInit,init,TemplateUtil
JMESPathAssertionGuiTest,testInit,init,TemplateUtil
XPath2AssertionTest,testValidateXPath2,validateXPath2,XPathUtil
TestJSONPathAssertionGui,testCreateTestElement,createTestElement,AbstractVisualizer
JMESPathAssertionGuiTest,testCreateTestElement,createTestElement,AbstractVisualizer
TestJSONPathAssertionGui,testModifyTestElement,modifyTestElement,AbstractVisualizer
JMESPathAssertionGuiTest,testModifyTestElement,modifyTestElement,AbstractVisualizer
TestJSONPathAssertionGui,testConfigure,configure,AbstractVisualizer
JMESPathAssertionGuiTest,testConfigure,configure,AbstractVisualizer
TestJSONPathAssertionGui,testClearGui,clearGui,AbstractVisualizer
JMESPathAssertionGuiTest,testClearGui,clearGui,AbstractVisualizer
TestJSONPathAssertionGui,testInit,init,RunningSample
JMESPathAssertionGuiTest,testInit,init,RunningSample
TestSampleCompareTo,testCompareTo,compareTo,Sample
TestJSONPathAssertionGui,testInit,init,SamplingStatCalculator
JMESPathAssertionGuiTest,testInit,init,SamplingStatCalculator
TestSamplingStatCalculator,testGetCurrentSample,getCurrentSample,SamplingStatCalculator
TestSamplingStatCalculator,testGetAvgPageBytes,getAvgPageBytes,SamplingStatCalculator
TestSampleCompareTo,testCompareTo,compareTo,TableSample
TestJSONPathAssertionGui,testGetLabelResource,getLabelResource,ExampleSamplerGui
JMESPathAssertionGuiTest,testGetLabelResource,getLabelResource,ExampleSamplerGui
TestJSONPathAssertionGui,testConfigure,configure,ExampleSamplerGui
JMESPathAssertionGuiTest,testConfigure,configure,ExampleSamplerGui
TestJSONPathAssertionGui,testCreateTestElement,createTestElement,ExampleSamplerGui
JMESPathAssertionGuiTest,testCreateTestElement,createTestElement,ExampleSamplerGui
TestJSONPathAssertionGui,testModifyTestElement,modifyTestElement,ExampleSamplerGui
JMESPathAssertionGuiTest,testModifyTestElement,modifyTestElement,ExampleSamplerGui
TestJSONPathAssertionGui,testInit,init,ExampleSamplerGui
JMESPathAssertionGuiTest,testInit,init,ExampleSamplerGui
TestJSONPathAssertionGui,testClearGui,clearGui,ExampleSamplerGui
JMESPathAssertionGuiTest,testClearGui,clearGui,ExampleSamplerGui
TestCVSDataSet,testopen,open,FileWrapper
TestCVSDataSet,testopen,open,XPathWrapper
TestJSONPathAssertionGui,testGetLabelResource,getLabelResource,GenerateTreeGui
JMESPathAssertionGuiTest,testGetLabelResource,getLabelResource,GenerateTreeGui
TestJSONPathAssertionGui,testGetStaticLabel,getStaticLabel,GenerateTreeGui
JMESPathAssertionGuiTest,testGetStaticLabel,getStaticLabel,GenerateTreeGui
TestJSONPathAssertionGui,testCreateTestElement,createTestElement,GenerateTreeGui
JMESPathAssertionGuiTest,testCreateTestElement,createTestElement,GenerateTreeGui
TestJSONPathAssertionGui,testModifyTestElement,modifyTestElement,GenerateTreeGui
JMESPathAssertionGuiTest,testModifyTestElement,modifyTestElement,GenerateTreeGui
TestJSONPathAssertionGui,testInit,init,GenerateTreeGui
JMESPathAssertionGuiTest,testInit,init,GenerateTreeGui
TestJSONPathAssertionGui,testInit,init,JLabeledChoice
JMESPathAssertionGuiTest,testInit,init,JLabeledChoice
TestJSONPathAssertionGui,testInit,init,JLabeledTextArea
JMESPathAssertionGuiTest,testInit,init,JLabeledTextArea
TestJSONPathAssertionGui,testInit,init,JLabeledTextField
JMESPathAssertionGuiTest,testInit,init,JLabeledTextField
TestJSONPathAssertionGui,testInit,init,HeapDumper
JMESPathAssertionGuiTest,testInit,init,HeapDumper
TestJSONPathAssertionGui,testGetLabelResource,getLabelResource,FtpConfigGui
JMESPathAssertionGuiTest,testGetLabelResource,getLabelResource,FtpConfigGui
TestJSONPathAssertionGui,testConfigure,configure,FtpConfigGui
JMESPathAssertionGuiTest,testConfigure,configure,FtpConfigGui
TestJSONPathAssertionGui,testCreateTestElement,createTestElement,FtpConfigGui
JMESPathAssertionGuiTest,testCreateTestElement,createTestElement,FtpConfigGui
TestJSONPathAssertionGui,testModifyTestElement,modifyTestElement,FtpConfigGui
JMESPathAssertionGuiTest,testModifyTestElement,modifyTestElement,FtpConfigGui
TestJSONPathAssertionGui,testClearGui,clearGui,FtpConfigGui
JMESPathAssertionGuiTest,testClearGui,clearGui,FtpConfigGui
TestJSONPathAssertionGui,testInit,init,FtpConfigGui
JMESPathAssertionGuiTest,testInit,init,FtpConfigGui
TestJSONPathAssertionGui,testConfigure,configure,FtpTestSamplerGui
JMESPathAssertionGuiTest,testConfigure,configure,FtpTestSamplerGui
TestJSONPathAssertionGui,testCreateTestElement,createTestElement,FtpTestSamplerGui
JMESPathAssertionGuiTest,testCreateTestElement,createTestElement,FtpTestSamplerGui
TestJSONPathAssertionGui,testModifyTestElement,modifyTestElement,FtpTestSamplerGui
JMESPathAssertionGuiTest,testModifyTestElement,modifyTestElement,FtpTestSamplerGui
TestJSONPathAssertionGui,testClearGui,clearGui,FtpTestSamplerGui
JMESPathAssertionGuiTest,testClearGui,clearGui,FtpTestSamplerGui
TestJSONPathAssertionGui,testGetLabelResource,getLabelResource,FtpTestSamplerGui
JMESPathAssertionGuiTest,testGetLabelResource,getLabelResource,FtpTestSamplerGui
TestJSONPathAssertionGui,testInit,init,FtpTestSamplerGui
JMESPathAssertionGuiTest,testInit,init,FtpTestSamplerGui
TestJSONPathAssertionGui,testConfigure,configure,GraphQLUrlConfigGui
JMESPathAssertionGuiTest,testConfigure,configure,GraphQLUrlConfigGui
TestJSONPathAssertionGui,testModifyTestElement,modifyTestElement,GraphQLUrlConfigGui
JMESPathAssertionGuiTest,testModifyTestElement,modifyTestElement,GraphQLUrlConfigGui
TestJSONPathAssertionGui,testGetLabelResource,getLabelResource,HttpDefaultsGui
JMESPathAssertionGuiTest,testGetLabelResource,getLabelResource,HttpDefaultsGui
TestJSONPathAssertionGui,testCreateTestElement,createTestElement,HttpDefaultsGui
JMESPathAssertionGuiTest,testCreateTestElement,createTestElement,HttpDefaultsGui
TestJSONPathAssertionGui,testModifyTestElement,modifyTestElement,HttpDefaultsGui
JMESPathAssertionGuiTest,testModifyTestElement,modifyTestElement,HttpDefaultsGui
TestJSONPathAssertionGui,testClearGui,clearGui,HttpDefaultsGui
JMESPathAssertionGuiTest,testClearGui,clearGui,HttpDefaultsGui
TestJSONPathAssertionGui,testConfigure,configure,HttpDefaultsGui
JMESPathAssertionGuiTest,testConfigure,configure,HttpDefaultsGui
TestJSONPathAssertionGui,testInit,init,HttpDefaultsGui
JMESPathAssertionGuiTest,testInit,init,HttpDefaultsGui
TestJSONPathAssertionGui,testCreateTestElement,createTestElement,UrlConfigGui
JMESPathAssertionGuiTest,testCreateTestElement,createTestElement,UrlConfigGui
TestJSONPathAssertionGui,testModifyTestElement,modifyTestElement,UrlConfigGui
JMESPathAssertionGuiTest,testModifyTestElement,modifyTestElement,UrlConfigGui
TestJSONPathAssertionGui,testConfigure,configure,UrlConfigGui
JMESPathAssertionGuiTest,testConfigure,configure,UrlConfigGui
TestJSONPathAssertionGui,testInit,init,UrlConfigGui
JMESPathAssertionGuiTest,testInit,init,UrlConfigGui
TestJSONPathAssertionGui,testCreateTestElement,createTestElement,HttpMirrorControlGui
JMESPathAssertionGuiTest,testCreateTestElement,createTestElement,HttpMirrorControlGui
TestJSONPathAssertionGui,testModifyTestElement,modifyTestElement,HttpMirrorControlGui
JMESPathAssertionGuiTest,testModifyTestElement,modifyTestElement,HttpMirrorControlGui
TestJSONPathAssertionGui,testGetLabelResource,getLabelResource,HttpMirrorControlGui
JMESPathAssertionGuiTest,testGetLabelResource,getLabelResource,HttpMirrorControlGui
TestJSONPathAssertionGui,testConfigure,configure,HttpMirrorControlGui
JMESPathAssertionGuiTest,testConfigure,configure,HttpMirrorControlGui
TestJSONPathAssertionGui,testInit,init,HttpMirrorControlGui
JMESPathAssertionGuiTest,testInit,init,HttpMirrorControlGui
TestJSONPathAssertionGui,testClearGui,clearGui,HttpMirrorControlGui
JMESPathAssertionGuiTest,testClearGui,clearGui,HttpMirrorControlGui
TestJSONPathAssertionGui,testConfigure,configure,HttpTestSampleGui
JMESPathAssertionGuiTest,testConfigure,configure,HttpTestSampleGui
TestJSONPathAssertionGui,testCreateTestElement,createTestElement,HttpTestSampleGui
JMESPathAssertionGuiTest,testCreateTestElement,createTestElement,HttpTestSampleGui
TestJSONPathAssertionGui,testModifyTestElement,modifyTestElement,HttpTestSampleGui
JMESPathAssertionGuiTest,testModifyTestElement,modifyTestElement,HttpTestSampleGui
TestJSONPathAssertionGui,testGetLabelResource,getLabelResource,HttpTestSampleGui
JMESPathAssertionGuiTest,testGetLabelResource,getLabelResource,HttpTestSampleGui
TestJSONPathAssertionGui,testInit,init,HttpTestSampleGui
JMESPathAssertionGuiTest,testInit,init,HttpTestSampleGui
TestJSONPathAssertionGui,testClearGui,clearGui,HttpTestSampleGui
JMESPathAssertionGuiTest,testClearGui,clearGui,HttpTestSampleGui
TestJSONPathAssertionGui,testGetLabelResource,getLabelResource,RecordController
JMESPathAssertionGuiTest,testGetLabelResource,getLabelResource,RecordController
TestJSONPathAssertionGui,testCreateTestElement,createTestElement,RecordController
JMESPathAssertionGuiTest,testCreateTestElement,createTestElement,RecordController
TestJSONPathAssertionGui,testInit,init,RecordController
JMESPathAssertionGuiTest,testInit,init,RecordController
TestJSONPathAssertionGui,testCreateTestElement,createTestElement,AuthPanel
JMESPathAssertionGuiTest,testCreateTestElement,createTestElement,AuthPanel
TestJSONPathAssertionGui,testModifyTestElement,modifyTestElement,AuthPanel
JMESPathAssertionGuiTest,testModifyTestElement,modifyTestElement,AuthPanel
TestJSONPathAssertionGui,testClearGui,clearGui,AuthPanel
JMESPathAssertionGuiTest,testClearGui,clearGui,AuthPanel
TestJSONPathAssertionGui,testConfigure,configure,AuthPanel
JMESPathAssertionGuiTest,testConfigure,configure,AuthPanel
TestJSONPathAssertionGui,testGetLabelResource,getLabelResource,AuthPanel
JMESPathAssertionGuiTest,testGetLabelResource,getLabelResource,AuthPanel
TestJSONPathAssertionGui,testInit,init,AuthPanel
JMESPathAssertionGuiTest,testInit,init,AuthPanel
TestJSONPathAssertionGui,testGetLabelResource,getLabelResource,CacheManagerGui
JMESPathAssertionGuiTest,testGetLabelResource,getLabelResource,CacheManagerGui
TestJSONPathAssertionGui,testConfigure,configure,CacheManagerGui
JMESPathAssertionGuiTest,testConfigure,configure,CacheManagerGui
TestJSONPathAssertionGui,testCreateTestElement,createTestElement,CacheManagerGui
JMESPathAssertionGuiTest,testCreateTestElement,createTestElement,CacheManagerGui
TestJSONPathAssertionGui,testModifyTestElement,modifyTestElement,CacheManagerGui
JMESPathAssertionGuiTest,testModifyTestElement,modifyTestElement,CacheManagerGui
TestJSONPathAssertionGui,testClearGui,clearGui,CacheManagerGui
JMESPathAssertionGuiTest,testClearGui,clearGui,CacheManagerGui
TestJSONPathAssertionGui,testInit,init,CacheManagerGui
JMESPathAssertionGuiTest,testInit,init,CacheManagerGui
TestJSONPathAssertionGui,testGetLabelResource,getLabelResource,CookiePanel
JMESPathAssertionGuiTest,testGetLabelResource,getLabelResource,CookiePanel
TestJSONPathAssertionGui,testModifyTestElement,modifyTestElement,CookiePanel
JMESPathAssertionGuiTest,testModifyTestElement,modifyTestElement,CookiePanel
TestJSONPathAssertionGui,testClearGui,clearGui,CookiePanel
JMESPathAssertionGuiTest,testClearGui,clearGui,CookiePanel
TestJSONPathAssertionGui,testCreateTestElement,createTestElement,CookiePanel
JMESPathAssertionGuiTest,testCreateTestElement,createTestElement,CookiePanel
TestJSONPathAssertionGui,testConfigure,configure,CookiePanel
JMESPathAssertionGuiTest,testConfigure,configure,CookiePanel
TestJSONPathAssertionGui,testInit,init,CookiePanel
JMESPathAssertionGuiTest,testInit,init,CookiePanel
TestJSONPathAssertionGui,testGetLabelResource,getLabelResource,DNSCachePanel
JMESPathAssertionGuiTest,testGetLabelResource,getLabelResource,DNSCachePanel
TestJSONPathAssertionGui,testModifyTestElement,modifyTestElement,DNSCachePanel
JMESPathAssertionGuiTest,testModifyTestElement,modifyTestElement,DNSCachePanel
TestJSONPathAssertionGui,testClearGui,clearGui,DNSCachePanel
JMESPathAssertionGuiTest,testClearGui,clearGui,DNSCachePanel
TestJSONPathAssertionGui,testCreateTestElement,createTestElement,DNSCachePanel
JMESPathAssertionGuiTest,testCreateTestElement,createTestElement,DNSCachePanel
TestJSONPathAssertionGui,testConfigure,configure,DNSCachePanel
JMESPathAssertionGuiTest,testConfigure,configure,DNSCachePanel
TestJSONPathAssertionGui,testInit,init,DNSCachePanel
JMESPathAssertionGuiTest,testInit,init,DNSCachePanel
TestJSONPathAssertionGui,testCreateTestElement,createTestElement,HeaderPanel
JMESPathAssertionGuiTest,testCreateTestElement,createTestElement,HeaderPanel
TestJSONPathAssertionGui,testModifyTestElement,modifyTestElement,HeaderPanel
JMESPathAssertionGuiTest,testModifyTestElement,modifyTestElement,HeaderPanel
TestJSONPathAssertionGui,testClearGui,clearGui,HeaderPanel
JMESPathAssertionGuiTest,testClearGui,clearGui,HeaderPanel
TestJSONPathAssertionGui,testConfigure,configure,HeaderPanel
JMESPathAssertionGuiTest,testConfigure,configure,HeaderPanel
TestJSONPathAssertionGui,testGetLabelResource,getLabelResource,HeaderPanel
JMESPathAssertionGuiTest,testGetLabelResource,getLabelResource,HeaderPanel
TestJSONPathAssertionGui,testInit,init,HeaderPanel
JMESPathAssertionGuiTest,testInit,init,HeaderPanel
TestJSONPathAssertionGui,testCreateTestElement,createTestElement,HTTPArgumentsPanel
JMESPathAssertionGuiTest,testCreateTestElement,createTestElement,HTTPArgumentsPanel
TestJSONPathAssertionGui,testConfigure,configure,HTTPArgumentsPanel
JMESPathAssertionGuiTest,testConfigure,configure,HTTPArgumentsPanel
TestJSONPathAssertionGui,testInit,init,HTTPArgumentsPanel
JMESPathAssertionGuiTest,testInit,init,HTTPArgumentsPanel
TestJSONPathAssertionGui,testModifyTestElement,modifyTestElement,HTTPFileArgsPanel
JMESPathAssertionGuiTest,testModifyTestElement,modifyTestElement,HTTPFileArgsPanel
TestJSONPathAssertionGui,testConfigure,configure,HTTPFileArgsPanel
JMESPathAssertionGuiTest,testConfigure,configure,HTTPFileArgsPanel
TestJSONPathAssertionGui,testInit,init,HTTPFileArgsPanel
JMESPathAssertionGuiTest,testInit,init,HTTPFileArgsPanel
TestJSONPathAssertionGui,testGetLabelResource,getLabelResource,AnchorModifierGui
JMESPathAssertionGuiTest,testGetLabelResource,getLabelResource,AnchorModifierGui
TestJSONPathAssertionGui,testCreateTestElement,createTestElement,AnchorModifierGui
JMESPathAssertionGuiTest,testCreateTestElement,createTestElement,AnchorModifierGui
TestJSONPathAssertionGui,testModifyTestElement,modifyTestElement,AnchorModifierGui
JMESPathAssertionGuiTest,testModifyTestElement,modifyTestElement,AnchorModifierGui
TestJSONPathAssertionGui,testInit,init,AnchorModifierGui
JMESPathAssertionGuiTest,testInit,init,AnchorModifierGui
TestJSONPathAssertionGui,testGetLabelResource,getLabelResource,RegExUserParametersGui
JMESPathAssertionGuiTest,testGetLabelResource,getLabelResource,RegExUserParametersGui
TestJSONPathAssertionGui,testConfigure,configure,RegExUserParametersGui
JMESPathAssertionGuiTest,testConfigure,configure,RegExUserParametersGui
TestJSONPathAssertionGui,testCreateTestElement,createTestElement,RegExUserParametersGui
JMESPathAssertionGuiTest,testCreateTestElement,createTestElement,RegExUserParametersGui
TestJSONPathAssertionGui,testModifyTestElement,modifyTestElement,RegExUserParametersGui
JMESPathAssertionGuiTest,testModifyTestElement,modifyTestElement,RegExUserParametersGui
TestJSONPathAssertionGui,testClearGui,clearGui,RegExUserParametersGui
JMESPathAssertionGuiTest,testClearGui,clearGui,RegExUserParametersGui
TestJSONPathAssertionGui,testInit,init,RegExUserParametersGui
JMESPathAssertionGuiTest,testInit,init,RegExUserParametersGui
TestJSONPathAssertionGui,testGetLabelResource,getLabelResource,URLRewritingModifierGui
JMESPathAssertionGuiTest,testGetLabelResource,getLabelResource,URLRewritingModifierGui
TestJSONPathAssertionGui,testInit,init,URLRewritingModifierGui
JMESPathAssertionGuiTest,testInit,init,URLRewritingModifierGui
TestJSONPathAssertionGui,testCreateTestElement,createTestElement,URLRewritingModifierGui
JMESPathAssertionGuiTest,testCreateTestElement,createTestElement,URLRewritingModifierGui
TestJSONPathAssertionGui,testModifyTestElement,modifyTestElement,URLRewritingModifierGui
JMESPathAssertionGuiTest,testModifyTestElement,modifyTestElement,URLRewritingModifierGui
TestJSONPathAssertionGui,testClearGui,clearGui,URLRewritingModifierGui
JMESPathAssertionGuiTest,testClearGui,clearGui,URLRewritingModifierGui
TestJSONPathAssertionGui,testConfigure,configure,URLRewritingModifierGui
JMESPathAssertionGuiTest,testConfigure,configure,URLRewritingModifierGui
TestSampleCompareTo,testCompareTo,compareTo,URLString
TestJSONPathAssertionGui,testCreateTestElement,createTestElement,ProxyControlGui
JMESPathAssertionGuiTest,testCreateTestElement,createTestElement,ProxyControlGui
TestJSONPathAssertionGui,testModifyTestElement,modifyTestElement,ProxyControlGui
JMESPathAssertionGuiTest,testModifyTestElement,modifyTestElement,ProxyControlGui
TestJSONPathAssertionGui,testGetLabelResource,getLabelResource,ProxyControlGui
JMESPathAssertionGuiTest,testGetLabelResource,getLabelResource,ProxyControlGui
TestJSONPathAssertionGui,testConfigure,configure,ProxyControlGui
JMESPathAssertionGuiTest,testConfigure,configure,ProxyControlGui
TestJSONPathAssertionGui,testInit,init,ProxyControlGui
JMESPathAssertionGuiTest,testInit,init,ProxyControlGui
TestJSONPathAssertionGui,testInit,init,RecorderDialog
JMESPathAssertionGuiTest,testInit,init,RecorderDialog
TestJSONPathAssertionGui,testConfigure,configure,Proxy
JMESPathAssertionGuiTest,testConfigure,configure,Proxy
TestJSONPathAssertionGui,testInit,init,SamplerCreatorFactory
JMESPathAssertionGuiTest,testInit,init,SamplerCreatorFactory
TestValueReplacer,testReplace,replace,HTTPSamplerBase
TestJSONPathAssertionGui,testInit,init,ResourcesDownloader
JMESPathAssertionGuiTest,testInit,init,ResourcesDownloader
TestJSONPathAssertionGui,testInit,init,StandardGenerator
JMESPathAssertionGuiTest,testInit,init,StandardGenerator
TestJSONPathAssertionGui,testInit,init,RequestViewHTTP
JMESPathAssertionGuiTest,testInit,init,RequestViewHTTP
TestJSONPathAssertionGui,testGetLabelResource,getLabelResource,JavaConfigGui
JMESPathAssertionGuiTest,testGetLabelResource,getLabelResource,JavaConfigGui
TestJSONPathAssertionGui,testInit,init,JavaConfigGui
JMESPathAssertionGuiTest,testInit,init,JavaConfigGui
TestJSONPathAssertionGui,testConfigure,configure,JavaConfigGui
JMESPathAssertionGuiTest,testConfigure,configure,JavaConfigGui
TestJSONPathAssertionGui,testCreateTestElement,createTestElement,JavaConfigGui
JMESPathAssertionGuiTest,testCreateTestElement,createTestElement,JavaConfigGui
TestJSONPathAssertionGui,testModifyTestElement,modifyTestElement,JavaConfigGui
JMESPathAssertionGuiTest,testModifyTestElement,modifyTestElement,JavaConfigGui
TestJSONPathAssertionGui,testClearGui,clearGui,JavaConfigGui
JMESPathAssertionGuiTest,testClearGui,clearGui,JavaConfigGui
TestJSONPathAssertionGui,testConfigure,configure,BeanShellSamplerGui
JMESPathAssertionGuiTest,testConfigure,configure,BeanShellSamplerGui
TestJSONPathAssertionGui,testCreateTestElement,createTestElement,BeanShellSamplerGui
JMESPathAssertionGuiTest,testCreateTestElement,createTestElement,BeanShellSamplerGui
TestJSONPathAssertionGui,testModifyTestElement,modifyTestElement,BeanShellSamplerGui
JMESPathAssertionGuiTest,testModifyTestElement,modifyTestElement,BeanShellSamplerGui
TestJSONPathAssertionGui,testClearGui,clearGui,BeanShellSamplerGui
JMESPathAssertionGuiTest,testClearGui,clearGui,BeanShellSamplerGui
TestJSONPathAssertionGui,testGetLabelResource,getLabelResource,BeanShellSamplerGui
JMESPathAssertionGuiTest,testGetLabelResource,getLabelResource,BeanShellSamplerGui
TestJSONPathAssertionGui,testInit,init,BeanShellSamplerGui
JMESPathAssertionGuiTest,testInit,init,BeanShellSamplerGui
TestJSONPathAssertionGui,testGetLabelResource,getLabelResource,JavaTestSamplerGui
JMESPathAssertionGuiTest,testGetLabelResource,getLabelResource,JavaTestSamplerGui
TestJSONPathAssertionGui,testInit,init,JavaTestSamplerGui
JMESPathAssertionGuiTest,testInit,init,JavaTestSamplerGui
TestJSONPathAssertionGui,testCreateTestElement,createTestElement,JavaTestSamplerGui
JMESPathAssertionGuiTest,testCreateTestElement,createTestElement,JavaTestSamplerGui
TestJSONPathAssertionGui,testModifyTestElement,modifyTestElement,JavaTestSamplerGui
JMESPathAssertionGuiTest,testModifyTestElement,modifyTestElement,JavaTestSamplerGui
TestJSONPathAssertionGui,testConfigure,configure,JavaTestSamplerGui
JMESPathAssertionGuiTest,testConfigure,configure,JavaTestSamplerGui
TestJSONPathAssertionGui,testClearGui,clearGui,JavaTestSamplerGui
JMESPathAssertionGuiTest,testClearGui,clearGui,JavaTestSamplerGui
TestJSONPathAssertionGui,testCreateTestElement,createTestElement,JMSPropertiesPanel
JMESPathAssertionGuiTest,testCreateTestElement,createTestElement,JMSPropertiesPanel
TestJSONPathAssertionGui,testModifyTestElement,modifyTestElement,JMSPropertiesPanel
JMESPathAssertionGuiTest,testModifyTestElement,modifyTestElement,JMSPropertiesPanel
TestJSONPathAssertionGui,testClearGui,clearGui,JMSPropertiesPanel
JMESPathAssertionGuiTest,testClearGui,clearGui,JMSPropertiesPanel
TestJSONPathAssertionGui,testConfigure,configure,JMSPropertiesPanel
JMESPathAssertionGuiTest,testConfigure,configure,JMSPropertiesPanel
TestJSONPathAssertionGui,testInit,init,JMSPropertiesPanel
JMESPathAssertionGuiTest,testInit,init,JMSPropertiesPanel
TestJSONPathAssertionGui,testGetLabelResource,getLabelResource,JMSPublisherGui
JMESPathAssertionGuiTest,testGetLabelResource,getLabelResource,JMSPublisherGui
TestJSONPathAssertionGui,testCreateTestElement,createTestElement,JMSPublisherGui
JMESPathAssertionGuiTest,testCreateTestElement,createTestElement,JMSPublisherGui
TestJSONPathAssertionGui,testModifyTestElement,modifyTestElement,JMSPublisherGui
JMESPathAssertionGuiTest,testModifyTestElement,modifyTestElement,JMSPublisherGui
TestJSONPathAssertionGui,testInit,init,JMSPublisherGui
JMESPathAssertionGuiTest,testInit,init,JMSPublisherGui
TestJSONPathAssertionGui,testClearGui,clearGui,JMSPublisherGui
JMESPathAssertionGuiTest,testClearGui,clearGui,JMSPublisherGui
TestJSONPathAssertionGui,testConfigure,configure,JMSPublisherGui
JMESPathAssertionGuiTest,testConfigure,configure,JMSPublisherGui
TestJSONPathAssertionGui,testClearGui,clearGui,JMSSamplerGui
JMESPathAssertionGuiTest,testClearGui,clearGui,JMSSamplerGui
TestJSONPathAssertionGui,testCreateTestElement,createTestElement,JMSSamplerGui
JMESPathAssertionGuiTest,testCreateTestElement,createTestElement,JMSSamplerGui
TestJSONPathAssertionGui,testModifyTestElement,modifyTestElement,JMSSamplerGui
JMESPathAssertionGuiTest,testModifyTestElement,modifyTestElement,JMSSamplerGui
TestJSONPathAssertionGui,testConfigure,configure,JMSSamplerGui
JMESPathAssertionGuiTest,testConfigure,configure,JMSSamplerGui
TestJSONPathAssertionGui,testInit,init,JMSSamplerGui
JMESPathAssertionGuiTest,testInit,init,JMSSamplerGui
TestJSONPathAssertionGui,testGetLabelResource,getLabelResource,JMSSamplerGui
JMESPathAssertionGuiTest,testGetLabelResource,getLabelResource,JMSSamplerGui
TestJSONPathAssertionGui,testGetLabelResource,getLabelResource,JMSSubscriberGui
JMESPathAssertionGuiTest,testGetLabelResource,getLabelResource,JMSSubscriberGui
TestJSONPathAssertionGui,testCreateTestElement,createTestElement,JMSSubscriberGui
JMESPathAssertionGuiTest,testCreateTestElement,createTestElement,JMSSubscriberGui
TestJSONPathAssertionGui,testModifyTestElement,modifyTestElement,JMSSubscriberGui
JMESPathAssertionGuiTest,testModifyTestElement,modifyTestElement,JMSSubscriberGui
TestJSONPathAssertionGui,testInit,init,JMSSubscriberGui
JMESPathAssertionGuiTest,testInit,init,JMSSubscriberGui
TestJSONPathAssertionGui,testConfigure,configure,JMSSubscriberGui
JMESPathAssertionGuiTest,testConfigure,configure,JMSSubscriberGui
TestJSONPathAssertionGui,testClearGui,clearGui,JMSSubscriberGui
JMESPathAssertionGuiTest,testClearGui,clearGui,JMSSubscriberGui
TestJSONPathAssertionGui,testGetLabelResource,getLabelResource,LDAPArgumentsPanel
JMESPathAssertionGuiTest,testGetLabelResource,getLabelResource,LDAPArgumentsPanel
TestJSONPathAssertionGui,testCreateTestElement,createTestElement,LDAPArgumentsPanel
JMESPathAssertionGuiTest,testCreateTestElement,createTestElement,LDAPArgumentsPanel
TestJSONPathAssertionGui,testModifyTestElement,modifyTestElement,LDAPArgumentsPanel
JMESPathAssertionGuiTest,testModifyTestElement,modifyTestElement,LDAPArgumentsPanel
TestJSONPathAssertionGui,testConfigure,configure,LDAPArgumentsPanel
JMESPathAssertionGuiTest,testConfigure,configure,LDAPArgumentsPanel
TestJSONPathAssertionGui,testInit,init,LDAPArgumentsPanel
JMESPathAssertionGuiTest,testInit,init,LDAPArgumentsPanel
TestJSONPathAssertionGui,testGetLabelResource,getLabelResource,LdapConfigGui
JMESPathAssertionGuiTest,testGetLabelResource,getLabelResource,LdapConfigGui
TestJSONPathAssertionGui,testConfigure,configure,LdapConfigGui
JMESPathAssertionGuiTest,testConfigure,configure,LdapConfigGui
TestJSONPathAssertionGui,testCreateTestElement,createTestElement,LdapConfigGui
JMESPathAssertionGuiTest,testCreateTestElement,createTestElement,LdapConfigGui
TestJSONPathAssertionGui,testModifyTestElement,modifyTestElement,LdapConfigGui
JMESPathAssertionGuiTest,testModifyTestElement,modifyTestElement,LdapConfigGui
TestJSONPathAssertionGui,testClearGui,clearGui,LdapConfigGui
JMESPathAssertionGuiTest,testClearGui,clearGui,LdapConfigGui
TestJSONPathAssertionGui,testInit,init,LdapConfigGui
JMESPathAssertionGuiTest,testInit,init,LdapConfigGui
TestJSONPathAssertionGui,testGetLabelResource,getLabelResource,LdapExtConfigGui
JMESPathAssertionGuiTest,testGetLabelResource,getLabelResource,LdapExtConfigGui
TestJSONPathAssertionGui,testConfigure,configure,LdapExtConfigGui
JMESPathAssertionGuiTest,testConfigure,configure,LdapExtConfigGui
TestJSONPathAssertionGui,testCreateTestElement,createTestElement,LdapExtConfigGui
JMESPathAssertionGuiTest,testCreateTestElement,createTestElement,LdapExtConfigGui
TestJSONPathAssertionGui,testModifyTestElement,modifyTestElement,LdapExtConfigGui
JMESPathAssertionGuiTest,testModifyTestElement,modifyTestElement,LdapExtConfigGui
TestJSONPathAssertionGui,testClearGui,clearGui,LdapExtConfigGui
JMESPathAssertionGuiTest,testClearGui,clearGui,LdapExtConfigGui
TestJSONPathAssertionGui,testInit,init,LdapExtConfigGui
JMESPathAssertionGuiTest,testInit,init,LdapExtConfigGui
TestJSONPathAssertionGui,testConfigure,configure,LdapExtTestSamplerGui
JMESPathAssertionGuiTest,testConfigure,configure,LdapExtTestSamplerGui
TestJSONPathAssertionGui,testCreateTestElement,createTestElement,LdapExtTestSamplerGui
JMESPathAssertionGuiTest,testCreateTestElement,createTestElement,LdapExtTestSamplerGui
TestJSONPathAssertionGui,testModifyTestElement,modifyTestElement,LdapExtTestSamplerGui
JMESPathAssertionGuiTest,testModifyTestElement,modifyTestElement,LdapExtTestSamplerGui
TestJSONPathAssertionGui,testClearGui,clearGui,LdapExtTestSamplerGui
JMESPathAssertionGuiTest,testClearGui,clearGui,LdapExtTestSamplerGui
TestJSONPathAssertionGui,testGetLabelResource,getLabelResource,LdapExtTestSamplerGui
JMESPathAssertionGuiTest,testGetLabelResource,getLabelResource,LdapExtTestSamplerGui
TestJSONPathAssertionGui,testInit,init,LdapExtTestSamplerGui
JMESPathAssertionGuiTest,testInit,init,LdapExtTestSamplerGui
TestJSONPathAssertionGui,testConfigure,configure,LdapTestSamplerGui
JMESPathAssertionGuiTest,testConfigure,configure,LdapTestSamplerGui
TestJSONPathAssertionGui,testCreateTestElement,createTestElement,LdapTestSamplerGui
JMESPathAssertionGuiTest,testCreateTestElement,createTestElement,LdapTestSamplerGui
TestJSONPathAssertionGui,testModifyTestElement,modifyTestElement,LdapTestSamplerGui
JMESPathAssertionGuiTest,testModifyTestElement,modifyTestElement,LdapTestSamplerGui
TestJSONPathAssertionGui,testClearGui,clearGui,LdapTestSamplerGui
JMESPathAssertionGuiTest,testClearGui,clearGui,LdapTestSamplerGui
TestJSONPathAssertionGui,testGetLabelResource,getLabelResource,LdapTestSamplerGui
JMESPathAssertionGuiTest,testGetLabelResource,getLabelResource,LdapTestSamplerGui
TestJSONPathAssertionGui,testInit,init,LdapTestSamplerGui
JMESPathAssertionGuiTest,testInit,init,LdapTestSamplerGui
TestJSONPathAssertionGui,testGetLabelResource,getLabelResource,MailReaderSamplerGui
JMESPathAssertionGuiTest,testGetLabelResource,getLabelResource,MailReaderSamplerGui
TestJSONPathAssertionGui,testConfigure,configure,MailReaderSamplerGui
JMESPathAssertionGuiTest,testConfigure,configure,MailReaderSamplerGui
TestJSONPathAssertionGui,testCreateTestElement,createTestElement,MailReaderSamplerGui
JMESPathAssertionGuiTest,testCreateTestElement,createTestElement,MailReaderSamplerGui
TestJSONPathAssertionGui,testModifyTestElement,modifyTestElement,MailReaderSamplerGui
JMESPathAssertionGuiTest,testModifyTestElement,modifyTestElement,MailReaderSamplerGui
TestJSONPathAssertionGui,testInit,init,MailReaderSamplerGui
JMESPathAssertionGuiTest,testInit,init,MailReaderSamplerGui
TestJSONPathAssertionGui,testClearGui,clearGui,MailReaderSamplerGui
JMESPathAssertionGuiTest,testClearGui,clearGui,MailReaderSamplerGui
TestCVSDataSet,testopen,open,MailFileFolder
TestJSONPathAssertionGui,testInit,init,SecuritySettingsPanel
JMESPathAssertionGuiTest,testInit,init,SecuritySettingsPanel
TestJSONPathAssertionGui,testConfigure,configure,SecuritySettingsPanel
JMESPathAssertionGuiTest,testConfigure,configure,SecuritySettingsPanel
TestJSONPathAssertionGui,testModifyTestElement,modifyTestElement,SecuritySettingsPanel
JMESPathAssertionGuiTest,testModifyTestElement,modifyTestElement,SecuritySettingsPanel
TestJSONPathAssertionGui,testGetLabelResource,getLabelResource,SmtpSamplerGui
JMESPathAssertionGuiTest,testGetLabelResource,getLabelResource,SmtpSamplerGui
TestJSONPathAssertionGui,testConfigure,configure,SmtpSamplerGui
JMESPathAssertionGuiTest,testConfigure,configure,SmtpSamplerGui
TestJSONPathAssertionGui,testCreateTestElement,createTestElement,SmtpSamplerGui
JMESPathAssertionGuiTest,testCreateTestElement,createTestElement,SmtpSamplerGui
TestJSONPathAssertionGui,testModifyTestElement,modifyTestElement,SmtpSamplerGui
JMESPathAssertionGuiTest,testModifyTestElement,modifyTestElement,SmtpSamplerGui
TestJSONPathAssertionGui,testInit,init,SmtpSamplerGui
JMESPathAssertionGuiTest,testInit,init,SmtpSamplerGui
TestJSONPathAssertionGui,testClearGui,clearGui,SmtpSamplerGui
JMESPathAssertionGuiTest,testClearGui,clearGui,SmtpSamplerGui
TestJSONPathAssertionGui,testGetLabelResource,getLabelResource,SystemSamplerGui
JMESPathAssertionGuiTest,testGetLabelResource,getLabelResource,SystemSamplerGui
TestJSONPathAssertionGui,testGetStaticLabel,getStaticLabel,SystemSamplerGui
JMESPathAssertionGuiTest,testGetStaticLabel,getStaticLabel,SystemSamplerGui
TestJSONPathAssertionGui,testInit,init,SystemSamplerGui
JMESPathAssertionGuiTest,testInit,init,SystemSamplerGui
TestJSONPathAssertionGui,testCreateTestElement,createTestElement,SystemSamplerGui
JMESPathAssertionGuiTest,testCreateTestElement,createTestElement,SystemSamplerGui
TestJSONPathAssertionGui,testModifyTestElement,modifyTestElement,SystemSamplerGui
JMESPathAssertionGuiTest,testModifyTestElement,modifyTestElement,SystemSamplerGui
TestJSONPathAssertionGui,testConfigure,configure,SystemSamplerGui
JMESPathAssertionGuiTest,testConfigure,configure,SystemSamplerGui
TestJSONPathAssertionGui,testClearGui,clearGui,SystemSamplerGui
JMESPathAssertionGuiTest,testClearGui,clearGui,SystemSamplerGui
TestJSONPathAssertionGui,testGetLabelResource,getLabelResource,TCPConfigGui
JMESPathAssertionGuiTest,testGetLabelResource,getLabelResource,TCPConfigGui
TestJSONPathAssertionGui,testConfigure,configure,TCPConfigGui
JMESPathAssertionGuiTest,testConfigure,configure,TCPConfigGui
TestJSONPathAssertionGui,testCreateTestElement,createTestElement,TCPConfigGui
JMESPathAssertionGuiTest,testCreateTestElement,createTestElement,TCPConfigGui
TestJSONPathAssertionGui,testModifyTestElement,modifyTestElement,TCPConfigGui
JMESPathAssertionGuiTest,testModifyTestElement,modifyTestElement,TCPConfigGui
TestJSONPathAssertionGui,testClearGui,clearGui,TCPConfigGui
JMESPathAssertionGuiTest,testClearGui,clearGui,TCPConfigGui
TestJSONPathAssertionGui,testInit,init,TCPConfigGui
JMESPathAssertionGuiTest,testInit,init,TCPConfigGui
TestJSONPathAssertionGui,testConfigure,configure,TCPSamplerGui
JMESPathAssertionGuiTest,testConfigure,configure,TCPSamplerGui
TestJSONPathAssertionGui,testCreateTestElement,createTestElement,TCPSamplerGui
JMESPathAssertionGuiTest,testCreateTestElement,createTestElement,TCPSamplerGui
TestJSONPathAssertionGui,testModifyTestElement,modifyTestElement,TCPSamplerGui
JMESPathAssertionGuiTest,testModifyTestElement,modifyTestElement,TCPSamplerGui
TestJSONPathAssertionGui,testClearGui,clearGui,TCPSamplerGui
JMESPathAssertionGuiTest,testClearGui,clearGui,TCPSamplerGui
TestJSONPathAssertionGui,testGetLabelResource,getLabelResource,TCPSamplerGui
JMESPathAssertionGuiTest,testGetLabelResource,getLabelResource,TCPSamplerGui
TestJSONPathAssertionGui,testInit,init,TCPSamplerGui
JMESPathAssertionGuiTest,testInit,init,TCPSamplerGui
