test_class,test_method,production_method,production_class
DefaultToolchainTest,testGetType,getType,Artifact
FileSourceTest,testGetFile,getFile,Artifact
DefaultArtifactTest,testGetDependencyConflictId,getDependencyConflictId,Artifact
ArtifactUtilsTest,testIsSnapshot,isSnapshot,Artifact
ArtifactUtilsTest,testIsSnapshot,isSnapshot,ArtifactUtils
ArtifactUtilsTest,testToSnapshotVersion,toSnapshotVersion,ArtifactUtils
DefaultToolchainTest,testGetType,getType,DefaultArtifact
FileSourceTest,testGetFile,getFile,DefaultArtifact
DefaultArtifactTest,testGetDependencyConflictId,getDependencyConflictId,DefaultArtifact
DefaultArtifactTest,testToString,toString,DefaultArtifact
LifecyclePhaseTest,testToString,toString,DefaultArtifact
DefaultArtifactVersionTest,testHashCode,hashCode,DefaultArtifact
AndArtifactFilterTest,testEquals,equals,DefaultArtifact
OrArtifactFilterTest,testEquals,equals,DefaultArtifact
DefaultToolchainTest,testEquals,equals,DefaultArtifact
FileModelSourceTest,testEquals,equals,DefaultArtifact
ArtifactUtilsTest,testIsSnapshot,isSnapshot,DefaultArtifact
DefaultProblemTest,testGetMessage,getMessage,InvalidArtifactRTException
DefaultToolchainTest,testGetType,getType,InvalidArtifactRTException
BuilderCommonTest,testGetKey,getKey,ArtifactRepository
DefaultArtifactTest,testToString,toString,ArtifactRepositoryPolicy
LifecyclePhaseTest,testToString,toString,ArtifactRepositoryPolicy
DefaultToolchainTest,testGetType,getType,AbstractArtifactResolutionException
DefaultToolchainTest,testGetType,getType,Item
DefaultToolchainTest,testGetType,getType,IntItem
AndArtifactFilterTest,testEquals,equals,IntItem
OrArtifactFilterTest,testEquals,equals,IntItem
DefaultToolchainTest,testEquals,equals,IntItem
FileModelSourceTest,testEquals,equals,IntItem
DefaultArtifactVersionTest,testHashCode,hashCode,IntItem
DefaultArtifactTest,testToString,toString,IntItem
LifecyclePhaseTest,testToString,toString,IntItem
DefaultToolchainTest,testGetType,getType,LongItem
AndArtifactFilterTest,testEquals,equals,LongItem
OrArtifactFilterTest,testEquals,equals,LongItem
DefaultToolchainTest,testEquals,equals,LongItem
FileModelSourceTest,testEquals,equals,LongItem
DefaultArtifactVersionTest,testHashCode,hashCode,LongItem
DefaultArtifactTest,testToString,toString,LongItem
LifecyclePhaseTest,testToString,toString,LongItem
DefaultToolchainTest,testGetType,getType,BigIntegerItem
AndArtifactFilterTest,testEquals,equals,BigIntegerItem
OrArtifactFilterTest,testEquals,equals,BigIntegerItem
DefaultToolchainTest,testEquals,equals,BigIntegerItem
FileModelSourceTest,testEquals,equals,BigIntegerItem
DefaultArtifactVersionTest,testHashCode,hashCode,BigIntegerItem
DefaultArtifactTest,testToString,toString,BigIntegerItem
LifecyclePhaseTest,testToString,toString,BigIntegerItem
DefaultToolchainTest,testGetType,getType,StringItem
AndArtifactFilterTest,testEquals,equals,StringItem
OrArtifactFilterTest,testEquals,equals,StringItem
DefaultToolchainTest,testEquals,equals,StringItem
FileModelSourceTest,testEquals,equals,StringItem
DefaultArtifactVersionTest,testHashCode,hashCode,StringItem
DefaultArtifactTest,testToString,toString,StringItem
LifecyclePhaseTest,testToString,toString,StringItem
DefaultToolchainTest,testGetType,getType,ListItem
DefaultArtifactTest,testToString,toString,ListItem
LifecyclePhaseTest,testToString,toString,ListItem
DefaultArtifactTest,testToString,toString,ComparableVersion
LifecyclePhaseTest,testToString,toString,ComparableVersion
AndArtifactFilterTest,testEquals,equals,ComparableVersion
OrArtifactFilterTest,testEquals,equals,ComparableVersion
DefaultToolchainTest,testEquals,equals,ComparableVersion
FileModelSourceTest,testEquals,equals,ComparableVersion
DefaultArtifactVersionTest,testHashCode,hashCode,ComparableVersion
DefaultArtifactVersionTest,testHashCode,hashCode,DefaultArtifactVersion
AndArtifactFilterTest,testEquals,equals,DefaultArtifactVersion
OrArtifactFilterTest,testEquals,equals,DefaultArtifactVersion
DefaultToolchainTest,testEquals,equals,DefaultArtifactVersion
FileModelSourceTest,testEquals,equals,DefaultArtifactVersion
DefaultArtifactTest,testToString,toString,DefaultArtifactVersion
LifecyclePhaseTest,testToString,toString,DefaultArtifactVersion
DefaultArtifactVersionTest,testHashCode,hashCode,Restriction
AndArtifactFilterTest,testEquals,equals,Restriction
OrArtifactFilterTest,testEquals,equals,Restriction
DefaultToolchainTest,testEquals,equals,Restriction
FileModelSourceTest,testEquals,equals,Restriction
DefaultArtifactTest,testToString,toString,Restriction
LifecyclePhaseTest,testToString,toString,Restriction
DefaultArtifactTest,testToString,toString,VersionRange
LifecyclePhaseTest,testToString,toString,VersionRange
AndArtifactFilterTest,testEquals,equals,VersionRange
OrArtifactFilterTest,testEquals,equals,VersionRange
DefaultToolchainTest,testEquals,equals,VersionRange
FileModelSourceTest,testEquals,equals,VersionRange
DefaultArtifactVersionTest,testHashCode,hashCode,VersionRange
BuilderCommonTest,testGetKey,getKey,ArtifactMetadata
DefaultProblemTest,testGetSource,getSource,DefaultProblem
DefaultProblemTest,testGetLineNumber,getLineNumber,DefaultProblem
DefaultProblemTest,testGetColumnNumber,getColumnNumber,DefaultProblem
DefaultProblemTest,testGetLocation,getLocation,DefaultProblem
FileSourceTest,testGetLocation,getLocation,DefaultProblem
StringSourceTest,testGetLocation,getLocation,DefaultProblem
UrlSourceTest,testGetLocation,getLocation,DefaultProblem
DefaultProblemTest,testGetException,getException,DefaultProblem
DefaultProblemTest,testGetMessage,getMessage,DefaultProblem
DefaultProblemTest,testGetSeverity,getSeverity,DefaultProblem
DefaultArtifactTest,testToString,toString,DefaultProblem
LifecyclePhaseTest,testToString,toString,DefaultProblem
DefaultProblemCollectorTest,testGetProblems,getProblems,DefaultProblemCollector
DefaultProblemCollectorTest,testSetSource,setSource,DefaultProblemCollector
FileSourceTest,testGetInputStream,getInputStream,FileSource
StringSourceTest,testGetInputStream,getInputStream,FileSource
UrlSourceTest,testGetInputStream,getInputStream,FileSource
DefaultProblemTest,testGetLocation,getLocation,FileSource
FileSourceTest,testGetLocation,getLocation,FileSource
StringSourceTest,testGetLocation,getLocation,FileSource
UrlSourceTest,testGetLocation,getLocation,FileSource
FileSourceTest,testGetFile,getFile,FileSource
DefaultArtifactTest,testToString,toString,FileSource
LifecyclePhaseTest,testToString,toString,FileSource
DefaultProblemTest,testGetSource,getSource,Problem
DefaultProblemTest,testGetLineNumber,getLineNumber,Problem
DefaultProblemTest,testGetColumnNumber,getColumnNumber,Problem
DefaultProblemTest,testGetLocation,getLocation,Problem
FileSourceTest,testGetLocation,getLocation,Problem
StringSourceTest,testGetLocation,getLocation,Problem
UrlSourceTest,testGetLocation,getLocation,Problem
DefaultProblemTest,testGetException,getException,Problem
DefaultProblemTest,testGetMessage,getMessage,Problem
DefaultProblemTest,testGetSeverity,getSeverity,Problem
DefaultProblemCollectorTest,testSetSource,setSource,ProblemCollector
DefaultProblemCollectorTest,testGetProblems,getProblems,ProblemCollector
ProblemCollectorFactoryTest,testNewInstance,newInstance,ProblemCollectorFactory
FileSourceTest,testGetInputStream,getInputStream,Source
StringSourceTest,testGetInputStream,getInputStream,Source
UrlSourceTest,testGetInputStream,getInputStream,Source
DefaultProblemTest,testGetLocation,getLocation,Source
FileSourceTest,testGetLocation,getLocation,Source
StringSourceTest,testGetLocation,getLocation,Source
UrlSourceTest,testGetLocation,getLocation,Source
FileSourceTest,testGetInputStream,getInputStream,StringSource
StringSourceTest,testGetInputStream,getInputStream,StringSource
UrlSourceTest,testGetInputStream,getInputStream,StringSource
DefaultProblemTest,testGetLocation,getLocation,StringSource
FileSourceTest,testGetLocation,getLocation,StringSource
StringSourceTest,testGetLocation,getLocation,StringSource
UrlSourceTest,testGetLocation,getLocation,StringSource
StringSourceTest,testGetContent,getContent,StringSource
DefaultArtifactTest,testToString,toString,StringSource
LifecyclePhaseTest,testToString,toString,StringSource
FileSourceTest,testGetInputStream,getInputStream,UrlSource
StringSourceTest,testGetInputStream,getInputStream,UrlSource
UrlSourceTest,testGetInputStream,getInputStream,UrlSource
DefaultProblemTest,testGetLocation,getLocation,UrlSource
FileSourceTest,testGetLocation,getLocation,UrlSource
StringSourceTest,testGetLocation,getLocation,UrlSource
UrlSourceTest,testGetLocation,getLocation,UrlSource
DefaultArtifactTest,testToString,toString,UrlSource
LifecyclePhaseTest,testToString,toString,UrlSource
AndArtifactFilterTest,testEquals,equals,ArtifactStatus
OrArtifactFilterTest,testEquals,equals,ArtifactStatus
DefaultToolchainTest,testEquals,equals,ArtifactStatus
FileModelSourceTest,testEquals,equals,ArtifactStatus
DefaultArtifactVersionTest,testHashCode,hashCode,ArtifactStatus
DefaultArtifactTest,testToString,toString,ArtifactStatus
LifecyclePhaseTest,testToString,toString,ArtifactStatus
RepositorySystemTest,testDeploy,deploy,ArtifactDeployer
RepositorySystemTest,testDeploy,deploy,ArtifactDeployer
RepositorySystemTest,testDeploy,deploy,DefaultArtifactDeployer
RepositorySystemTest,testDeploy,deploy,DefaultArtifactDeployer
RepositorySystemTest,testInstall,install,ArtifactInstaller
RepositorySystemTest,testInstall,install,ArtifactInstaller
RepositorySystemTest,testInstall,install,DefaultArtifactInstaller
RepositorySystemTest,testInstall,install,DefaultArtifactInstaller
BuilderCommonTest,testGetKey,getKey,DefaultArtifactRepository
DefaultArtifactTest,testToString,toString,DefaultArtifactRepository
LifecyclePhaseTest,testToString,toString,DefaultArtifactRepository
DefaultArtifactTest,testToString,toString,FlatRepositoryLayout
LifecyclePhaseTest,testToString,toString,FlatRepositoryLayout
RepositorySystemTest,testDeploy,deploy,DefaultRepositoryMetadataManager
RepositorySystemTest,testInstall,install,DefaultRepositoryMetadataManager
BuilderCommonTest,testGetKey,getKey,GroupRepositoryMetadata
ArtifactUtilsTest,testIsSnapshot,isSnapshot,GroupRepositoryMetadata
DefaultToolchainTest,testGetType,getType,MetadataBridge
FileSourceTest,testGetFile,getFile,MetadataBridge
BuilderCommonTest,testGetKey,getKey,SnapshotArtifactRepositoryMetadata
ArtifactUtilsTest,testIsSnapshot,isSnapshot,SnapshotArtifactRepositoryMetadata
DefaultArtifactVersionTest,testHashCode,hashCode,InversionArtifactFilter
AndArtifactFilterTest,testEquals,equals,InversionArtifactFilter
OrArtifactFilterTest,testEquals,equals,InversionArtifactFilter
DefaultToolchainTest,testEquals,equals,InversionArtifactFilter
FileModelSourceTest,testEquals,equals,InversionArtifactFilter
DefaultArtifactVersionTest,testHashCode,hashCode,OrArtifactFilter
AndArtifactFilterTest,testEquals,equals,OrArtifactFilter
OrArtifactFilterTest,testEquals,equals,OrArtifactFilter
DefaultToolchainTest,testEquals,equals,OrArtifactFilter
FileModelSourceTest,testEquals,equals,OrArtifactFilter
DefaultArtifactVersionTest,testHashCode,hashCode,TypeArtifactFilter
AndArtifactFilterTest,testEquals,equals,TypeArtifactFilter
OrArtifactFilterTest,testEquals,equals,TypeArtifactFilter
DefaultToolchainTest,testEquals,equals,TypeArtifactFilter
FileModelSourceTest,testEquals,equals,TypeArtifactFilter
DefaultArtifactTest,testToString,toString,ManagedVersionMap
LifecyclePhaseTest,testToString,toString,ManagedVersionMap
DefaultSettingsValidatorTest,testValidate,validate,DefaultModelValidator
DefaultProblemTest,testGetMessage,getMessage,ModelValidationResult
DefaultArtifactTest,testToString,toString,ModelValidationResult
LifecyclePhaseTest,testToString,toString,ModelValidationResult
DefaultSettingsValidatorTest,testValidate,validate,ModelValidator
DefaultArtifactTest,testToString,toString,UnknownRepositoryLayout
LifecyclePhaseTest,testToString,toString,UnknownRepositoryLayout
DefaultProblemTest,testGetMessage,getMessage,LegacyRepositorySystem
DefaultArtifactTest,testToString,toString,MavenArtifact
LifecyclePhaseTest,testToString,toString,MavenArtifact
RepositorySystemTest,testResolveVersion,resolveVersion,AbstractVersionTransformation
RepositorySystemTest,testResolveVersion,resolveVersion,AbstractVersionTransformation
DefaultToolchainTest,testGetType,getType,MavenArtifactMetadata
DefaultArtifactTest,testToString,toString,MavenArtifactMetadata
LifecyclePhaseTest,testToString,toString,MavenArtifactMetadata
DefaultArtifactTest,testToString,toString,ArtifactMetadata
LifecyclePhaseTest,testToString,toString,ArtifactMetadata
DefaultToolchainTest,testGetType,getType,ArtifactMetadata
DefaultArtifactTest,testGetDependencyConflictId,getDependencyConflictId,ArtifactMetadata
DefaultArtifactTest,testToString,toString,ClasspathContainer
LifecyclePhaseTest,testToString,toString,ClasspathContainer
DefaultArtifactTest,testToString,toString,MetadataGraph
LifecyclePhaseTest,testToString,toString,MetadataGraph
AndArtifactFilterTest,testEquals,equals,MetadataGraphEdge
OrArtifactFilterTest,testEquals,equals,MetadataGraphEdge
DefaultToolchainTest,testEquals,equals,MetadataGraphEdge
FileModelSourceTest,testEquals,equals,MetadataGraphEdge
DefaultProblemTest,testGetSource,getSource,MetadataGraphEdge
DefaultProblemCollectorTest,testSetSource,setSource,MetadataGraphEdge
DefaultArtifactTest,testToString,toString,MetadataGraphEdge
LifecyclePhaseTest,testToString,toString,MetadataGraphEdge
DefaultArtifactTest,testToString,toString,MetadataGraphVertex
LifecyclePhaseTest,testToString,toString,MetadataGraphVertex
AndArtifactFilterTest,testEquals,equals,MetadataGraphVertex
OrArtifactFilterTest,testEquals,equals,MetadataGraphVertex
DefaultToolchainTest,testEquals,equals,MetadataGraphVertex
FileModelSourceTest,testEquals,equals,MetadataGraphVertex
DefaultArtifactVersionTest,testHashCode,hashCode,MetadataGraphVertex
DefaultArtifactTest,testToString,toString,MetadataTreeNode
LifecyclePhaseTest,testToString,toString,MetadataTreeNode
AndArtifactFilterTest,testEquals,equals,MetadataGraphNode
OrArtifactFilterTest,testEquals,equals,MetadataGraphNode
DefaultToolchainTest,testEquals,equals,MetadataGraphNode
FileModelSourceTest,testEquals,equals,MetadataGraphNode
DefaultArtifactVersionTest,testHashCode,hashCode,MetadataGraphNode
DefaultArtifactTest,testToString,toString,MetadataResolutionRequest
LifecyclePhaseTest,testToString,toString,MetadataResolutionRequest
DefaultArtifactTest,testToString,toString,MetadataResolutionResult
LifecyclePhaseTest,testToString,toString,MetadataResolutionResult
RepositorySystemTest,testResolveArtifacts,resolveArtifacts,ClasspathArtifactResolver
RepositorySystemTest,testResolveArtifact,resolveArtifact,ClasspathArtifactResolver
DefaultArtifactTest,testToString,toString,LegacyLocalRepositoryManager
LifecyclePhaseTest,testToString,toString,LegacyLocalRepositoryManager
BuilderCommonTest,testGetKey,getKey,Source
DefaultToolchainTest,testGetType,getType,DefaultArtifactHandler
DefaultArtifactTest,testToString,toString,DefaultRepositoryLayout
LifecyclePhaseTest,testToString,toString,DefaultRepositoryLayout
BuilderCommonTest,testGetKey,getKey,ArtifactMetadataAdapter
BuilderCommonTest,testGetKey,getKey,ArtifactRepositoryAdapter
BuilderCommonTest,testGetKey,getKey,MavenArtifactRepository
DefaultArtifactTest,testToString,toString,MavenArtifactRepository
LifecyclePhaseTest,testToString,toString,MavenArtifactRepository
AbstractModelInterpolatorTest,testBasedir,basedir,MavenArtifactRepository
DefaultArtifactVersionTest,testHashCode,hashCode,MavenArtifactRepository
AndArtifactFilterTest,testEquals,equals,MavenArtifactRepository
OrArtifactFilterTest,testEquals,equals,MavenArtifactRepository
DefaultToolchainTest,testEquals,equals,MavenArtifactRepository
FileModelSourceTest,testEquals,equals,MavenArtifactRepository
DefaultArtifactTest,testToString,toString,AbstractRepositoryMetadata
LifecyclePhaseTest,testToString,toString,AbstractRepositoryMetadata
BuilderCommonTest,testGetKey,getKey,ArtifactRepositoryMetadata
ArtifactUtilsTest,testIsSnapshot,isSnapshot,ArtifactRepositoryMetadata
ArtifactUtilsTest,testIsSnapshot,isSnapshot,ArtifactRepositoryMetadata
DefaultProblemTest,testGetLineNumber,getLineNumber,MetadataParseException
DefaultProblemTest,testGetColumnNumber,getColumnNumber,MetadataParseException
ArtifactUtilsTest,testIsSnapshot,isSnapshot,RepositoryMetadata
RepositorySystemTest,testDeploy,deploy,RepositoryMetadataManager
RepositorySystemTest,testInstall,install,RepositoryMetadataManager
DefaultArtifactTest,testToString,toString,ArtifactResolutionRequest
LifecyclePhaseTest,testToString,toString,ArtifactResolutionRequest
DefaultArtifactTest,testToString,toString,ArtifactResolutionResult
LifecyclePhaseTest,testToString,toString,ArtifactResolutionResult
DefaultArtifactVersionTest,testHashCode,hashCode,AndArtifactFilter
AndArtifactFilterTest,testEquals,equals,AndArtifactFilter
OrArtifactFilterTest,testEquals,equals,AndArtifactFilter
DefaultToolchainTest,testEquals,equals,AndArtifactFilter
FileModelSourceTest,testEquals,equals,AndArtifactFilter
DefaultArtifactVersionTest,testHashCode,hashCode,CumulativeScopeArtifactFilter
AndArtifactFilterTest,testEquals,equals,CumulativeScopeArtifactFilter
OrArtifactFilterTest,testEquals,equals,CumulativeScopeArtifactFilter
DefaultToolchainTest,testEquals,equals,CumulativeScopeArtifactFilter
FileModelSourceTest,testEquals,equals,CumulativeScopeArtifactFilter
DefaultArtifactVersionTest,testHashCode,hashCode,ExclusionSetFilter
AndArtifactFilterTest,testEquals,equals,ExclusionSetFilter
OrArtifactFilterTest,testEquals,equals,ExclusionSetFilter
DefaultToolchainTest,testEquals,equals,ExclusionSetFilter
FileModelSourceTest,testEquals,equals,ExclusionSetFilter
DefaultArtifactVersionTest,testHashCode,hashCode,IncludesArtifactFilter
AndArtifactFilterTest,testEquals,equals,IncludesArtifactFilter
OrArtifactFilterTest,testEquals,equals,IncludesArtifactFilter
DefaultToolchainTest,testEquals,equals,IncludesArtifactFilter
FileModelSourceTest,testEquals,equals,IncludesArtifactFilter
DefaultArtifactVersionTest,testHashCode,hashCode,ScopeArtifactFilter
AndArtifactFilterTest,testEquals,equals,ScopeArtifactFilter
OrArtifactFilterTest,testEquals,equals,ScopeArtifactFilter
DefaultToolchainTest,testEquals,equals,ScopeArtifactFilter
FileModelSourceTest,testEquals,equals,ScopeArtifactFilter
BuilderCommonTest,testGetKey,getKey,ResolutionNode
DefaultArtifactTest,testToString,toString,ResolutionNode
LifecyclePhaseTest,testToString,toString,ResolutionNode
DefaultToolchainTest,testGetType,getType,ArtifactClassRealmConstituent
FileSourceTest,testGetFile,getFile,ArtifactClassRealmConstituent
DefaultArtifactTest,testToString,toString,ArtifactClassRealmConstituent
LifecyclePhaseTest,testToString,toString,ArtifactClassRealmConstituent
DefaultToolchainTest,testGetType,getType,ClassRealmConstituent
FileSourceTest,testGetFile,getFile,ClassRealmConstituent
DefaultToolchainTest,testGetType,getType,ClassRealmRequest
BuilderCommonTest,testGetKey,getKey,DefaultClassRealmManager
BuilderCommonTest,testGetKey,getKey,DefaultClassRealmManager
DefaultToolchainTest,testGetType,getType,DefaultClassRealmRequest
DefaultToolchainTest,testGetLogger,getLogger,DefaultMaven
ExecutionEventLoggerTest,testProjectStarted,projectStarted,EventSpyExecutionListener
DefaultProblemTest,testGetMessage,getMessage,DefaultExceptionHandler
DefaultProblemTest,testGetException,getException,ExceptionSummary
DefaultProblemTest,testGetMessage,getMessage,ExceptionSummary
ExecutionEventLoggerTest,testProjectStarted,projectStarted,AbstractExecutionListener
DefaultToolchainTest,testGetType,getType,ExecutionEvent
DefaultProblemTest,testGetException,getException,ExecutionEvent
ExecutionEventLoggerTest,testProjectStarted,projectStarted,ExecutionListener
MavenProjectTest,testClone,clone,MavenSession
DefaultProjectDependencyGraphTest,testGetSortedProjects,getSortedProjects,MavenSession
DefaultArtifactResolverTest,testLookup,lookup,MavenSession
DefaultArtifactResolverTest,testLookup,lookup,MavenSession
DefaultProjectDependencyGraphTest,testGetSortedProjects,getSortedProjects,ProjectDependencyGraph
DefaultProjectDependencyGraphTest,testGetUpstreamProjects,getUpstreamProjects,ProjectDependencyGraph
DefaultProjectDependencyGraphTest,testGetSortedProjects,getSortedProjects,ReactorManager
DefaultProjectDependencyGraphTest,testGetSortedProjects,getSortedProjects,DefaultProjectDependencyGraph
DefaultProjectDependencyGraphTest,testGetUpstreamProjects,getUpstreamProjects,DefaultProjectDependencyGraph
DefaultProjectDependencyGraphTest,testGetUpstreamProjects,getUpstreamProjects,DefaultProjectDependencyGraph
DefaultProjectDependencyGraphTest,testGetSortedProjects,getSortedProjects,DefaultProjectDependencyGraph
DefaultArtifactTest,testToString,toString,DefaultProjectDependencyGraph
LifecyclePhaseTest,testToString,toString,DefaultProjectDependencyGraph
DefaultProjectDependencyGraphTest,testGetSortedProjects,getSortedProjects,FilteredProjectDependencyGraph
DefaultProjectDependencyGraphTest,testGetUpstreamProjects,getUpstreamProjects,FilteredProjectDependencyGraph
DefaultArtifactTest,testToString,toString,FilteredProjectDependencyGraph
LifecyclePhaseTest,testToString,toString,FilteredProjectDependencyGraph
DefaultRuntimeInformationTest,testGetMavenVersion,getMavenVersion,DefaultRepositorySystemSessionFactory
BuilderCommonTest,testResolveBuildPlan,resolveBuildPlan,BuilderCommon
BuilderCommonTest,testHandleBuildError,handleBuildError,BuilderCommon
BuilderCommonTest,testAttachToThread,attachToThread,BuilderCommon
BuilderCommonTest,testGetKey,getKey,BuilderCommon
BuildListCalculatorTest,testCalculateProjectBuilds,calculateProjectBuilds,BuildListCalculator
LifecycleTaskSegmentCalculatorImplTest,testCalculateProjectBuilds,calculateProjectBuilds,BuildListCalculator
DefaultToolchainTest,testGetType,getType,DefaultExecutionEvent
DefaultProblemTest,testGetException,getException,DefaultExecutionEvent
LifecycleExecutorTest,testSetupMojoExecution,setupMojoExecution,DefaultLifecycleExecutionPlanCalculator
DefaultArtifactTest,testToString,toString,ExecutionPlanItem
LifecyclePhaseTest,testToString,toString,ExecutionPlanItem
DefaultArtifactTest,testToString,toString,GoalTask
LifecyclePhaseTest,testToString,toString,GoalTask
LifecycleExecutorTest,testSetupMojoExecution,setupMojoExecution,LifecycleExecutionPlanCalculator
DefaultArtifactTest,testToString,toString,LifecycleTask
LifecyclePhaseTest,testToString,toString,LifecycleTask
PhaseRecorderTest,testObserveExecution,observeExecution,PhaseRecorder
ProjectBuildListTest,testGetByTaskSegment,getByTaskSegment,ProjectBuildList
FileSizeFormatTest,testSize,size,ProjectBuildList
DefaultArtifactTest,testToString,toString,ProjectSegment
LifecyclePhaseTest,testToString,toString,ProjectSegment
DefaultArtifactTest,testToString,toString,TaskSegment
LifecyclePhaseTest,testToString,toString,TaskSegment
DefaultArtifactTest,testToString,toString,Lifecycle
LifecyclePhaseTest,testToString,toString,Lifecycle
LifecyclePhaseTest,testSet,set,LifecyclePhase
DefaultArtifactTest,testToString,toString,LifecyclePhase
LifecyclePhaseTest,testToString,toString,LifecyclePhase
MavenExecutionPlanTest,testFindLastInPhase,findLastInPhase,MavenExecutionPlan
FileSizeFormatTest,testSize,size,MavenExecutionPlan
DefaultArtifactTest,testToString,toString,DebugConfigurationListener
LifecyclePhaseTest,testToString,toString,DebugConfigurationListener
DefaultArtifactVersionTest,testHashCode,hashCode,CacheKey
AndArtifactFilterTest,testEquals,equals,CacheKey
OrArtifactFilterTest,testEquals,equals,CacheKey
DefaultToolchainTest,testEquals,equals,CacheKey
FileModelSourceTest,testEquals,equals,CacheKey
DefaultArtifactTest,testToString,toString,CacheKey
LifecyclePhaseTest,testToString,toString,CacheKey
DefaultArtifactTest,testToString,toString,CacheKey
LifecyclePhaseTest,testToString,toString,CacheKey
DefaultArtifactVersionTest,testHashCode,hashCode,CacheKey
AndArtifactFilterTest,testEquals,equals,CacheKey
OrArtifactFilterTest,testEquals,equals,CacheKey
DefaultToolchainTest,testEquals,equals,CacheKey
FileModelSourceTest,testEquals,equals,CacheKey
DefaultArtifactVersionTest,testHashCode,hashCode,CacheKey
AndArtifactFilterTest,testEquals,equals,CacheKey
OrArtifactFilterTest,testEquals,equals,CacheKey
DefaultToolchainTest,testEquals,equals,CacheKey
FileModelSourceTest,testEquals,equals,CacheKey
DefaultArtifactTest,testToString,toString,CacheKey
LifecyclePhaseTest,testToString,toString,CacheKey
MavenProjectTest,testClone,clone,DefaultPluginDescriptorCache
MavenProjectTest,testClone,clone,DefaultPluginDescriptorCache
DefaultArtifactTest,testToString,toString,CacheKey
LifecyclePhaseTest,testToString,toString,CacheKey
DefaultArtifactVersionTest,testHashCode,hashCode,CacheKey
AndArtifactFilterTest,testEquals,equals,CacheKey
OrArtifactFilterTest,testEquals,equals,CacheKey
DefaultToolchainTest,testEquals,equals,CacheKey
FileModelSourceTest,testEquals,equals,CacheKey
DefaultLegacySupportTest,testSetSession,setSession,DefaultLegacySupport
AndArtifactFilterTest,testEquals,equals,WagonExcluder
OrArtifactFilterTest,testEquals,equals,WagonExcluder
DefaultToolchainTest,testEquals,equals,WagonExcluder
FileModelSourceTest,testEquals,equals,WagonExcluder
DefaultArtifactVersionTest,testHashCode,hashCode,WagonExcluder
DefaultLegacySupportTest,testSetSession,setSession,LegacySupport
DefaultSettingsValidatorTest,testValidate,validate,MavenPluginValidator
DefaultProblemTest,testGetSource,getSource,MojoExecution
DefaultArtifactTest,testToString,toString,MojoExecution
LifecyclePhaseTest,testToString,toString,MojoExecution
DefaultProblemTest,testGetException,getException,CacheRecord
FileSourceTest,testGetFile,getFile,ActiveProjectArtifact
DefaultToolchainTest,testGetType,getType,ActiveProjectArtifact
DefaultArtifactTest,testGetDependencyConflictId,getDependencyConflictId,ActiveProjectArtifact
ArtifactUtilsTest,testIsSnapshot,isSnapshot,ActiveProjectArtifact
DefaultArtifactTest,testToString,toString,ActiveProjectArtifact
LifecyclePhaseTest,testToString,toString,ActiveProjectArtifact
DefaultArtifactVersionTest,testHashCode,hashCode,ActiveProjectArtifact
AndArtifactFilterTest,testEquals,equals,ActiveProjectArtifact
OrArtifactFilterTest,testEquals,equals,ActiveProjectArtifact
DefaultToolchainTest,testEquals,equals,ActiveProjectArtifact
FileModelSourceTest,testEquals,equals,ActiveProjectArtifact
ArtifactUtilsTest,testIsSnapshot,isSnapshot,AttachedArtifact
DefaultArtifactVersionTest,testHashCode,hashCode,CacheKey
AndArtifactFilterTest,testEquals,equals,CacheKey
OrArtifactFilterTest,testEquals,equals,CacheKey
DefaultToolchainTest,testEquals,equals,CacheKey
FileModelSourceTest,testEquals,equals,CacheKey
DefaultArtifactTest,testToString,toString,CacheKey
LifecyclePhaseTest,testToString,toString,CacheKey
DefaultArtifactVersionTest,testHashCode,hashCode,CacheKey
AndArtifactFilterTest,testEquals,equals,CacheKey
OrArtifactFilterTest,testEquals,equals,CacheKey
DefaultToolchainTest,testEquals,equals,CacheKey
FileModelSourceTest,testEquals,equals,CacheKey
FileSourceTest,testGetFile,getFile,ProjectArtifactMetadata
DefaultArtifactTest,testToString,toString,ProjectArtifactMetadata
LifecyclePhaseTest,testToString,toString,ProjectArtifactMetadata
BuilderCommonTest,testGetKey,getKey,ProjectArtifactMetadata
DefaultProblemTest,testGetException,getException,CacheRecord
ProjectBuilderTest,testResolveDependencies,resolveDependencies,DefaultProjectBuilder
DefaultProblemCollectorTest,testGetProblems,getProblems,DefaultProjectBuildingResult
DefaultArtifactVersionTest,testHashCode,hashCode,CacheKey
AndArtifactFilterTest,testEquals,equals,CacheKey
OrArtifactFilterTest,testEquals,equals,CacheKey
DefaultToolchainTest,testEquals,equals,CacheKey
FileModelSourceTest,testEquals,equals,CacheKey
DefaultArtifactTest,testToString,toString,CacheKey
LifecyclePhaseTest,testToString,toString,CacheKey
DefaultToolchainTest,testGetModel,getModel,MavenProject
FileSourceTest,testGetFile,getFile,MavenProject
AndArtifactFilterTest,testEquals,equals,MavenProject
OrArtifactFilterTest,testEquals,equals,MavenProject
DefaultToolchainTest,testEquals,equals,MavenProject
FileModelSourceTest,testEquals,equals,MavenProject
DefaultArtifactVersionTest,testHashCode,hashCode,MavenProject
DefaultArtifactTest,testToString,toString,MavenProject
LifecyclePhaseTest,testToString,toString,MavenProject
MavenProjectTest,testClone,clone,MavenProject
MavenProjectTest,testGetModulePathAdjustment,getModulePathAdjustment,MavenProject
DefaultProblemCollectorTest,testGetProblems,getProblems,ProjectBuildingResult
DefaultProjectDependencyGraphTest,testGetSortedProjects,getSortedProjects,ProjectSorter
AndArtifactFilterTest,testEquals,equals,CacheKey
OrArtifactFilterTest,testEquals,equals,CacheKey
DefaultToolchainTest,testEquals,equals,CacheKey
FileModelSourceTest,testEquals,equals,CacheKey
DefaultArtifactVersionTest,testHashCode,hashCode,CacheKey
AndArtifactFilterTest,testEquals,equals,CacheKey
OrArtifactFilterTest,testEquals,equals,CacheKey
DefaultToolchainTest,testEquals,equals,CacheKey
FileModelSourceTest,testEquals,equals,CacheKey
DefaultArtifactVersionTest,testHashCode,hashCode,CacheKey
DefaultArtifactTest,testToString,toString,CacheKey
LifecyclePhaseTest,testToString,toString,CacheKey
DefaultProblemTest,testGetException,getException,ArtifactTransferEvent
DefaultArtifactTest,testToString,toString,ArtifactTransferEvent
LifecyclePhaseTest,testToString,toString,ArtifactTransferEvent
DefaultArtifactVersionTest,testHashCode,hashCode,ArtifactTransferEvent
AndArtifactFilterTest,testEquals,equals,ArtifactTransferEvent
OrArtifactFilterTest,testEquals,equals,ArtifactTransferEvent
DefaultToolchainTest,testEquals,equals,ArtifactTransferEvent
FileModelSourceTest,testEquals,equals,ArtifactTransferEvent
BuilderCommonTest,testGetKey,getKey,DelegatingLocalArtifactRepository
DefaultArtifactVersionTest,testHashCode,hashCode,DelegatingLocalArtifactRepository
AndArtifactFilterTest,testEquals,equals,DelegatingLocalArtifactRepository
OrArtifactFilterTest,testEquals,equals,DelegatingLocalArtifactRepository
DefaultToolchainTest,testEquals,equals,DelegatingLocalArtifactRepository
FileModelSourceTest,testEquals,equals,DelegatingLocalArtifactRepository
DefaultRuntimeInformationTest,testGetMavenVersion,getMavenVersion,DefaultRuntimeInformation
DefaultRuntimeInformationTest,testIsMavenVersion,isMavenVersion,DefaultRuntimeInformation
DefaultRuntimeInformationTest,testGetMavenVersion,getMavenVersion,RuntimeInformation
DefaultRuntimeInformationTest,testIsMavenVersion,isMavenVersion,RuntimeInformation
FileSourceTest,testGetFile,getFile,DefaultMavenSettingsBuilder
DefaultProblemTest,testGetColumnNumber,getColumnNumber,SettingsConfigurationException
DefaultProblemTest,testGetLineNumber,getLineNumber,SettingsConfigurationException
DefaultProblemCollectorTest,testGetProblems,getProblems,DefaultToolchainsBuildingResult
DefaultProblemCollectorTest,testGetProblems,getProblems,ToolchainsBuildingException
DefaultProblemCollectorTest,testGetProblems,getProblems,ToolchainsBuildingResult
DefaultToolchainTest,testGetType,getType,DefaultToolchain
DefaultToolchainTest,testGetModel,getModel,DefaultToolchain
AndArtifactFilterTest,testEquals,equals,DefaultToolchain
OrArtifactFilterTest,testEquals,equals,DefaultToolchain
DefaultToolchainTest,testEquals,equals,DefaultToolchain
FileModelSourceTest,testEquals,equals,DefaultToolchain
DefaultArtifactVersionTest,testHashCode,hashCode,DefaultToolchain
DefaultArtifactTest,testToString,toString,DefaultToolchain
LifecyclePhaseTest,testToString,toString,DefaultToolchain
DefaultProblemTest,testGetLineNumber,getLineNumber,ToolchainsParseException
DefaultProblemTest,testGetColumnNumber,getColumnNumber,ToolchainsParseException
DefaultToolchainTest,testGetLogger,getLogger,JavaToolchainFactory
DefaultArtifactTest,testToString,toString,JavaToolchainImpl
LifecyclePhaseTest,testToString,toString,JavaToolchainImpl
DefaultArtifactTest,testToString,toString,ExactMatcher
LifecyclePhaseTest,testToString,toString,ExactMatcher
DefaultArtifactTest,testToString,toString,VersionMatcher
LifecyclePhaseTest,testToString,toString,VersionMatcher
RequirementMatcherFactoryTest,testCreateExactMatcher,createExactMatcher,RequirementMatcherFactory
RequirementMatcherFactoryTest,testCreateVersionMatcher,createVersionMatcher,RequirementMatcherFactory
DefaultToolchainTest,testGetType,getType,Toolchain
DefaultToolchainTest,testGetModel,getModel,ToolchainPrivate
FileSizeFormatTest,testSize,size,CompletionServiceStub
LifecycleExecutorTest,testSetupMojoExecution,setupMojoExecution,LifecycleExecutionPlanCalculatorStub
DefaultProjectDependencyGraphTest,testGetSortedProjects,getSortedProjects,ProjectDependencyGraphStub
DefaultProjectDependencyGraphTest,testGetUpstreamProjects,getUpstreamProjects,ProjectDependencyGraphStub
DefaultArtifactTest,testToString,toString,LegacyLocalRepositoryManager
LifecyclePhaseTest,testToString,toString,LegacyLocalRepositoryManager
ProblemCollectorFactoryTest,testNewInstance,newInstance,TestRepositoryConnectorFactory
CLIReportingUtilsTest,testFormatDuration,formatDuration,CLIReportingUtils
DefaultProblemTest,testGetLocation,getLocation,SettingsXmlConfigurationProcessor
FileSourceTest,testGetLocation,getLocation,SettingsXmlConfigurationProcessor
StringSourceTest,testGetLocation,getLocation,SettingsXmlConfigurationProcessor
UrlSourceTest,testGetLocation,getLocation,SettingsXmlConfigurationProcessor
ExecutionEventLoggerTest,testProjectStarted,projectStarted,ExecutionEventLogger
DefaultProblemTest,testGetLocation,getLocation,MavenCli
FileSourceTest,testGetLocation,getLocation,MavenCli
StringSourceTest,testGetLocation,getLocation,MavenCli
UrlSourceTest,testGetLocation,getLocation,MavenCli
MavenCliTest,testCalculateDegreeOfConcurrencyWithCoreMultiplier,calculateDegreeOfConcurrencyWithCoreMultiplier,MavenCli
VersionRangeTest,testContains,contains,MergingList
FileSizeFormatTest,testSize,size,MergingList
MavenModelMergerTest,testMergeModel_ModelVersion,mergeModel_ModelVersion,ModelMerger
MavenModelMergerTest,testMergeModel_ArtifactId,mergeModel_ArtifactId,ModelMerger
MavenModelMergerTest,testMergeModel_Prerequisites,mergeModel_Prerequisites,ModelMerger
MavenModelMergerTest,testMergeModel_Profiles,mergeModel_Profiles,ModelMerger
ProblemCollectorFactoryTest,testNewInstance,newInstance,DefaultModelBuilderFactory
DefaultToolchainTest,testGetModel,getModel,DefaultModelBuildingEvent
DefaultProblemCollectorTest,testGetProblems,getProblems,DefaultModelBuildingEvent
DefaultProblemCollectorTest,testGetProblems,getProblems,DefaultModelBuildingResult
DefaultProblemTest,testGetSource,getSource,DefaultModelProblem
DefaultProblemTest,testGetLineNumber,getLineNumber,DefaultModelProblem
DefaultProblemTest,testGetColumnNumber,getColumnNumber,DefaultModelProblem
DefaultProblemTest,testGetException,getException,DefaultModelProblem
DefaultProblemTest,testGetMessage,getMessage,DefaultModelProblem
DefaultProblemTest,testGetSeverity,getSeverity,DefaultModelProblem
DefaultArtifactTest,testToString,toString,DefaultModelProblem
LifecyclePhaseTest,testToString,toString,DefaultModelProblem
DefaultProblemCollectorTest,testGetProblems,getProblems,DefaultModelProblemCollector
DefaultProblemCollectorTest,testSetSource,setSource,DefaultModelProblemCollector
DefaultProblemCollectorTest,testSetSource,setSource,DefaultModelProblemCollector
DefaultProblemTest,testGetSource,getSource,DefaultModelProblemCollector
AndArtifactFilterTest,testEquals,equals,FileModelSource
OrArtifactFilterTest,testEquals,equals,FileModelSource
DefaultToolchainTest,testEquals,equals,FileModelSource
FileModelSourceTest,testEquals,equals,FileModelSource
DefaultArtifactVersionTest,testHashCode,hashCode,FileModelSource
DefaultToolchainTest,testGetModel,getModel,ModelBuildingEvent
DefaultProblemCollectorTest,testGetProblems,getProblems,ModelBuildingEvent
DefaultToolchainTest,testGetModel,getModel,ModelBuildingException
DefaultProblemCollectorTest,testGetProblems,getProblems,ModelBuildingException
DefaultProblemCollectorTest,testGetProblems,getProblems,ModelBuildingResult
DefaultToolchainTest,testGetType,getType,ModelCacheTag
DefaultProblemTest,testGetSource,getSource,ModelData
DefaultToolchainTest,testGetModel,getModel,ModelData
DefaultArtifactTest,testToString,toString,ModelData
LifecyclePhaseTest,testToString,toString,ModelData
DefaultProblemTest,testGetSource,getSource,ModelProblem
DefaultProblemTest,testGetLineNumber,getLineNumber,ModelProblem
DefaultProblemTest,testGetColumnNumber,getColumnNumber,ModelProblem
DefaultProblemTest,testGetException,getException,ModelProblem
DefaultProblemTest,testGetMessage,getMessage,ModelProblem
DefaultProblemTest,testGetSeverity,getSeverity,ModelProblem
DefaultProblemCollectorTest,testGetProblems,getProblems,ModelProblemCollectorExt
DefaultProblemTest,testGetSeverity,getSeverity,ModelProblemCollectorRequest
DefaultProblemTest,testGetException,getException,ModelProblemCollectorRequest
DefaultProblemTest,testGetMessage,getMessage,ModelProblemCollectorRequest
DefaultProblemTest,testGetLocation,getLocation,ModelProblemCollectorRequest
FileSourceTest,testGetLocation,getLocation,ModelProblemCollectorRequest
StringSourceTest,testGetLocation,getLocation,ModelProblemCollectorRequest
UrlSourceTest,testGetLocation,getLocation,ModelProblemCollectorRequest
DefaultProblemCollectorTest,testGetProblems,getProblems,Result
DefaultProblemTest,testGetSource,getSource,DefaultModelReader
DefaultProblemTest,testGetLineNumber,getLineNumber,ModelParseException
DefaultProblemTest,testGetColumnNumber,getColumnNumber,ModelParseException
MavenModelMergerTest,testMergeModel_ModelVersion,mergeModel_ModelVersion,MavenModelMerger
MavenModelMergerTest,testMergeModel_ArtifactId,mergeModel_ArtifactId,MavenModelMerger
MavenModelMergerTest,testMergeModel_Profiles,mergeModel_Profiles,MavenModelMerger
MavenModelMergerTest,testMergeModel_Prerequisites,mergeModel_Prerequisites,MavenModelMerger
DefaultArtifactTest,testToString,toString,RangeValue
LifecyclePhaseTest,testToString,toString,RangeValue
DefaultProblemTest,testGetLocation,getLocation,DefaultModelValidator
FileSourceTest,testGetLocation,getLocation,DefaultModelValidator
StringSourceTest,testGetLocation,getLocation,DefaultModelValidator
UrlSourceTest,testGetLocation,getLocation,DefaultModelValidator
AndArtifactFilterTest,testEquals,equals,DefaultModelValidator
OrArtifactFilterTest,testEquals,equals,DefaultModelValidator
DefaultToolchainTest,testEquals,equals,DefaultModelValidator
FileModelSourceTest,testEquals,equals,DefaultModelValidator
DefaultProblemTest,testGetSeverity,getSeverity,DefaultModelValidator
DefaultProblemTest,testGetSeverity,getSeverity,DefaultModelValidator
DefaultToolchainTest,testGetModel,getModel,SimpleProblemCollector
DefaultArtifactTest,testToString,toString,DefaultLog
LifecyclePhaseTest,testToString,toString,DefaultLog
DefaultProblemTest,testGetSource,getSource,AbstractMojoExecutionException
AndArtifactFilterTest,testEquals,equals,MojoDescriptor
OrArtifactFilterTest,testEquals,equals,MojoDescriptor
DefaultToolchainTest,testEquals,equals,MojoDescriptor
FileModelSourceTest,testEquals,equals,MojoDescriptor
DefaultArtifactVersionTest,testHashCode,hashCode,MojoDescriptor
MavenProjectTest,testClone,clone,MojoDescriptor
DefaultToolchainTest,testGetType,getType,Parameter
DefaultArtifactVersionTest,testHashCode,hashCode,Parameter
AndArtifactFilterTest,testEquals,equals,Parameter
OrArtifactFilterTest,testEquals,equals,Parameter
DefaultToolchainTest,testEquals,equals,Parameter
FileModelSourceTest,testEquals,equals,Parameter
DefaultArtifactTest,testToString,toString,Parameter
LifecyclePhaseTest,testToString,toString,Parameter
MavenProjectTest,testClone,clone,Parameter
DefaultProblemCollectorTest,testSetSource,setSource,PluginDescriptor
DefaultProblemTest,testGetSource,getSource,PluginDescriptor
AndArtifactFilterTest,testEquals,equals,PluginDescriptor
OrArtifactFilterTest,testEquals,equals,PluginDescriptor
DefaultToolchainTest,testEquals,equals,PluginDescriptor
FileModelSourceTest,testEquals,equals,PluginDescriptor
DefaultArtifactVersionTest,testHashCode,hashCode,PluginDescriptor
MavenProjectTest,testClone,clone,PluginDescriptor
MavenProjectTest,testClone,clone,Requirement
RepositorySystemTest,testReadArtifactDescriptor,readArtifactDescriptor,DefaultArtifactDescriptorReader
AndArtifactFilterTest,testEquals,equals,Key
OrArtifactFilterTest,testEquals,equals,Key
DefaultToolchainTest,testEquals,equals,Key
FileModelSourceTest,testEquals,equals,Key
DefaultArtifactVersionTest,testHashCode,hashCode,Key
ProblemCollectorFactoryTest,testNewInstance,newInstance,DefaultModelCache
RepositorySystemTest,testResolveVersionRange,resolveVersionRange,DefaultVersionRangeResolver
AndArtifactFilterTest,testEquals,equals,Key
OrArtifactFilterTest,testEquals,equals,Key
DefaultToolchainTest,testEquals,equals,Key
FileModelSourceTest,testEquals,equals,Key
DefaultArtifactVersionTest,testHashCode,hashCode,Key
RepositorySystemTest,testResolveVersion,resolveVersion,DefaultVersionResolver
BuilderCommonTest,testGetKey,getKey,DefaultVersionResolver
BuilderCommonTest,testGetKey,getKey,LocalSnapshotMetadata
BuilderCommonTest,testGetKey,getKey,LocalSnapshotMetadata
BuilderCommonTest,testGetKey,getKey,LocalSnapshotMetadata
DefaultToolchainTest,testGetType,getType,MavenMetadata
FileSourceTest,testGetFile,getFile,MavenMetadata
BuilderCommonTest,testGetKey,getKey,MavenSnapshotMetadata
BuilderCommonTest,testGetKey,getKey,MavenSnapshotMetadata
BuilderCommonTest,testGetKey,getKey,MavenSnapshotMetadata
FileSourceTest,testGetFile,getFile,RelocatedArtifact
ProblemCollectorFactoryTest,testNewInstance,newInstance,SnapshotMetadataGeneratorFactory
ProblemCollectorFactoryTest,testNewInstance,newInstance,SnapshotMetadataGeneratorFactory
BuilderCommonTest,testGetKey,getKey,VersionsMetadata
BuilderCommonTest,testGetKey,getKey,VersionsMetadata
ProblemCollectorFactoryTest,testNewInstance,newInstance,VersionsMetadataGeneratorFactory
ProblemCollectorFactoryTest,testNewInstance,newInstance,VersionsMetadataGeneratorFactory
FileSourceTest,testGetFile,getFile,RuntimeInfo
ProblemCollectorFactoryTest,testNewInstance,newInstance,DefaultSettingsBuilderFactory
DefaultProblemCollectorTest,testGetProblems,getProblems,DefaultSettingsBuildingResult
DefaultProblemTest,testGetSource,getSource,DefaultSettingsProblem
DefaultProblemTest,testGetLineNumber,getLineNumber,DefaultSettingsProblem
DefaultProblemTest,testGetColumnNumber,getColumnNumber,DefaultSettingsProblem
DefaultProblemTest,testGetLocation,getLocation,DefaultSettingsProblem
FileSourceTest,testGetLocation,getLocation,DefaultSettingsProblem
StringSourceTest,testGetLocation,getLocation,DefaultSettingsProblem
UrlSourceTest,testGetLocation,getLocation,DefaultSettingsProblem
DefaultProblemTest,testGetException,getException,DefaultSettingsProblem
DefaultProblemTest,testGetMessage,getMessage,DefaultSettingsProblem
DefaultProblemTest,testGetSeverity,getSeverity,DefaultSettingsProblem
DefaultArtifactTest,testToString,toString,DefaultSettingsProblem
LifecyclePhaseTest,testToString,toString,DefaultSettingsProblem
DefaultProblemCollectorTest,testGetProblems,getProblems,DefaultSettingsProblemCollector
DefaultProblemCollectorTest,testSetSource,setSource,DefaultSettingsProblemCollector
DefaultProblemCollectorTest,testGetProblems,getProblems,SettingsBuildingException
DefaultProblemCollectorTest,testGetProblems,getProblems,SettingsBuildingResult
DefaultProblemTest,testGetSource,getSource,SettingsProblem
DefaultProblemTest,testGetLineNumber,getLineNumber,SettingsProblem
DefaultProblemTest,testGetColumnNumber,getColumnNumber,SettingsProblem
DefaultProblemTest,testGetLocation,getLocation,SettingsProblem
FileSourceTest,testGetLocation,getLocation,SettingsProblem
StringSourceTest,testGetLocation,getLocation,SettingsProblem
UrlSourceTest,testGetLocation,getLocation,SettingsProblem
DefaultProblemTest,testGetException,getException,SettingsProblem
DefaultProblemTest,testGetMessage,getMessage,SettingsProblem
DefaultProblemTest,testGetSeverity,getSeverity,SettingsProblem
DefaultProblemCollectorTest,testGetProblems,getProblems,DefaultSettingsDecryptionResult
DefaultProblemCollectorTest,testGetProblems,getProblems,SettingsDecryptionResult
DefaultProblemTest,testGetLineNumber,getLineNumber,SettingsParseException
DefaultProblemTest,testGetColumnNumber,getColumnNumber,SettingsParseException
DefaultSettingsValidatorTest,testValidate,validate,DefaultSettingsValidator
DefaultSettingsValidatorTest,testValidate,validate,SettingsValidator
DefaultProblemTest,testGetLocation,getLocation,MavenSimpleLogger
FileSourceTest,testGetLocation,getLocation,MavenSimpleLogger
StringSourceTest,testGetLocation,getLocation,MavenSimpleLogger
UrlSourceTest,testGetLocation,getLocation,MavenSimpleLogger
DefaultToolchainTest,testGetLogger,getLogger,MavenSimpleLoggerFactory
