test_class,test_method,production_method,production_class
TestUserContact,testGetUser,getUser,LdapWorker
TestNotConnectedMocked,testIsRecording,isRecording,KRoom
TestNotConnectedMocked,testGetRecordingUser,getRecordingUser,KRoom
TestNotConnectedMocked,testStartRecording,startRecording,KRoom
TestNotConnectedMocked,testStopRecording,stopRecording,KRoom
TestNotConnectedMocked,testGetRecordingUser,getRecordingUser,KurentoHandler
TestNotConnectedMocked,testRecordingAllowed,recordingAllowed,StreamProcessor
TestRoomFlowMocked,testRecordingAllowed,recordingAllowed,StreamProcessor
TestNotConnectedMocked,testStartRecording,startRecording,StreamProcessor
TestNotConnectedMocked,testStopRecording,stopRecording,StreamProcessor
TestNotConnectedMocked,testIsRecording,isRecording,StreamProcessor
TestGetAppointment,testGetByRoom,getByRoom,StreamProcessor
TestBackupVersion,testGet,get,SipManager
TestGui,testNoop,noop,SipStackProcessor
TestConnection,testNoop,noop,SipStackProcessor
TestStrongPasswordValidator,testNoDigit,noDigit,StrongPasswordValidator
TestSubjTemplate,testError,error,StrongPasswordValidator
TestSubjTemplate,testError,error,StrongPasswordValidator
TestStrongPasswordValidator,testSetUser,setUser,StrongPasswordValidator
TestBackupVersion,testGet,get,ChatDao
TestBackupVersion,testGet,get,ChatDao
TestUserContact,testGetUser,getUser,ChatDao
TestBackupVersion,testGet,get,ConfigurationDao
TestBackupVersion,testGet,get,ConfigurationDao
TestBackupVersion,testGet,get,ConfigurationDao
TestBackupVersion,testGet,get,ConfigurationDao
TestBackupVersion,testGet,get,ConfigurationDao
TestBackupVersion,testGet,get,MailMessageDao
TestBackupVersion,testGet,get,MailMessageDao
TestBackupVersion,testGet,get,MailMessageDao
TestBackupVersion,testGet,get,MailMessageDao
TestBackupVersion,testGet,get,AppointmentDao
TestBackupVersion,testGet,get,AppointmentDao
TestGetAppointment,testGetByRoom,getByRoom,AppointmentDao
TestGetAppointment,testGetByRoom,getByRoom,AppointmentDao
TestBackupVersion,testGet,get,AppointmentDao
TestBackupVersion,testGet,get,AppointmentDao
TestBackupVersion,testGet,get,MeetingMemberDao
TestBackupVersion,testGet,get,MeetingMemberDao
TestBackupVersion,testGet,get,OmCalendarDao
TestBackupVersion,testGet,get,OmCalendarDao
TestBackupVersion,testGet,get,OmCalendarDao
TestBackupVersion,testGet,get,OmCalendarDao
TestBackupVersion,testGet,get,BaseFileItemDao
TestBackupVersion,testGet,get,BaseFileItemDao
TestBackupVersion,testGet,get,BaseFileItemDao
TestBackupVersion,testGet,get,BaseFileItemDao
TestGetAppointment,testGetByRoom,getByRoom,FileItemDao
TestBackupVersion,testGet,get,FileItemDao
TestBackupVersion,testGet,get,FileItemDao
TestBackupVersion,testGet,get,FileItemDao
TestBackupVersion,testGet,get,FileItemDao
TestBackupVersion,testGet,get,FileItemLogDao
TestBackupVersion,testGet,get,IDataProviderDao
TestBackupVersion,testGet,get,IDataProviderDao
TestBackupVersion,testGet,get,IDataProviderDao
TestBackupVersion,testGet,get,IDataProviderDao
TestBackupVersion,testCompare,compare,LabelComparator
TestBackupVersion,testGet,get,LabelDao
TestBackupVersion,testGet,get,LabelDao
TestBackupVersion,testGet,get,LabelDao
TestBackupVersion,testGet,get,LabelDao
TestBackupVersion,testGet,get,LabelDao
TestBackupVersion,testGet,get,RecordingChunkDao
TestBackupVersion,testGet,get,RecordingDao
TestBackupVersion,testGet,get,RecordingDao
TestBackupVersion,testGet,get,InvitationDao
TestBackupVersion,testGet,get,InvitationDao
TestBackupVersion,testGet,get,InvitationDao
TestUserContact,testGetUser,getUser,InvitationDao
TestBackupVersion,testGet,get,PollDao
TestGetAppointment,testGetByRoom,getByRoom,PollDao
TestBackupVersion,testGet,get,PollDao
TestBackupVersion,testGet,get,RoomDao
TestBackupVersion,testGet,get,RoomDao
TestBackupVersion,testGet,get,RoomDao
TestBackupVersion,testGet,get,RoomDao
TestBackupVersion,testGet,get,RoomDao
TestBackupVersion,testGet,get,RoomDao
TestBackupVersion,testGet,get,LdapConfigDao
TestBackupVersion,testGet,get,LdapConfigDao
TestBackupVersion,testGet,get,LdapConfigDao
TestBackupVersion,testGet,get,LdapConfigDao
TestBackupVersion,testGet,get,OAuth2Dao
TestBackupVersion,testGet,get,OAuth2Dao
TestBackupVersion,testGet,get,OAuth2Dao
TestAppointmentAddAppointment,testCreate,create,SessiondataDao
TestAppointmentAddAppointment,testCreate,create,SessiondataDao
TestBackupVersion,testGet,get,SOAPLoginDao
TestBackupVersion,testGet,get,GroupDao
TestBackupVersion,testGet,get,GroupDao
TestBackupVersion,testGet,get,GroupDao
TestBackupVersion,testGet,get,GroupDao
TestBackupVersion,testGet,get,GroupDao
TestBackupVersion,testGet,get,GroupUserDao
TestBackupVersion,testGet,get,GroupUserDao
TestBackupVersion,testGet,get,GroupUserDao
TestBackupVersion,testGet,get,GroupUserDao
TestBackupVersion,testGet,get,GroupUserDao
TestBackupVersion,testGet,get,PrivateMessageDao
TestBackupVersion,testGet,get,PrivateMessageDao
TestBackupVersion,testGet,get,PrivateMessageDao
TestGetAppointment,testGetByRoom,getByRoom,PrivateMessageDao
TestBackupVersion,testGet,get,PrivateMessageDao
TestBackupVersion,testGet,get,PrivateMessageFolderDao
TestBackupVersion,testGet,get,PrivateMessageFolderDao
TestBackupVersion,testGet,get,PrivateMessageFolderDao
TestBackupVersion,testGet,get,UserContactDao
TestBackupVersion,testGet,get,UserContactDao
TestBackupVersion,testGet,get,UserContactDao
TestBackupVersion,testGet,get,UserContactDao
TestBackupVersion,testGet,get,UserDao
TestBackupVersion,testGet,get,UserDao
TestBackupVersion,testGet,get,UserDao
TestBackupVersion,testGet,get,UserDao
TestBackupVersion,testGet,get,UserDao
TestBackupVersion,testGet,get,UserDao
TestBackupVersion,testGet,get,UserDao
TestBackupVersion,testGet,get,UserDao
TestBackupVersion,testGet,get,AppointmentDTO
TestBackupVersion,testGet,get,MeetingMemberDTO
TestUserContact,testGetUser,getUser,MeetingMemberDTO
TestStrongPasswordValidator,testSetUser,setUser,MeetingMemberDTO
TestBackupVersion,testGet,get,MeetingMemberDTO
TestStrongPasswordValidator,testSetUser,setUser,FileExplorerObject
TestBackupVersion,testGet,get,FileItemDTO
TestBackupVersion,testGet,get,InvitationDTO
TestBackupVersion,testGet,get,InvitationDTO
TestBackupVersion,testGet,get,RoomDTO
TestBackupVersion,testGet,get,RoomDTO
TestBackupVersion,testGet,get,RoomFileDTO
TestBackupVersion,testGet,get,RoomFileDTO
TestBackupVersion,testGet,get,RoomFileDTO
TestBackupVersion,testGet,get,RoomFileDTO
TestBackupVersion,testGet,get,Whiteboard
TestBackupVersion,testGet,get,Whiteboards
TestBackupVersion,testGet,get,GroupDTO
TestBackupVersion,testGet,get,UserDTO
TestBackupVersion,testGet,get,UserDTO
TestUserContact,testGetUser,getUser,Client
TestBackupVersion,testEquals,equals,Client
TestUserContact,testGetUser,getUser,Configuration
TestStrongPasswordValidator,testSetUser,setUser,Configuration
TestBackupVersion,testEquals,equals,WsClient
TestUserContact,testGetUser,getUser,MeetingMember
TestStrongPasswordValidator,testSetUser,setUser,MeetingMember
TestBackupVersion,testEquals,equals,BaseFileItem
TestBackupVersion,testEquals,equals,StringLabel
TestUserContact,testGetUser,getUser,RoomModerator
TestStrongPasswordValidator,testSetUser,setUser,RoomModerator
TestUserContact,testGetUser,getUser,GroupUser
TestStrongPasswordValidator,testSetUser,setUser,GroupUser
TestBackupVersion,testEquals,equals,GroupUser
TestBackupVersion,testGet,get,IClientManager
TestInvitation,testSendInvitationLink,sendInvitationLink,IInvitationManager
TestBackupVersion,testGet,get,IWhiteboardManager
TestBackupVersion,testEquals,equals,UserKey
TestBackupVersion,testGet,get,BackupVersion
TestBackupVersion,testGet,get,BackupVersion
TestBackupVersion,testEquals,equals,BackupVersion
TestAdmin,testUsage,usage,Admin
TestBackupVersion,testGet,get,AppointmentReminderTemplate
TestBackupVersion,testGet,get,CanceledAppointmentTemplate
TestBackupVersion,testGet,get,CreatedAppointmentTemplate
TestBackupVersion,testGet,get,NewGroupUsersNotificationTemplate
TestBackupVersion,testGet,get,RecordingExpiringTemplate
TestAppointmentAddAppointment,testCreate,create,SubjectEmailTemplate
TestBackupVersion,testGet,get,UpdatedAppointmentTemplate
TestInvitation,testSendInvitationLink,sendInvitationLink,InvitationManager
TestBackupVersion,testGet,get,Spec
TestJob,testNotifyNewGroupUsers,notifyNewGroupUsers,ReminderJob
TestBackupVersion,testGet,get,CryptProvider
TestBackupVersion,testGet,get,Application
TestBackupVersion,testGet,get,ClientManager
TestStrongPasswordValidator,testSetUser,setUser,WebSession
TestBackupVersion,testGet,get,WebSession
TestBackupVersion,testGet,get,WhiteboardManager
TestBackupVersion,testGet,get,WhiteboardManager
TestBackupVersion,testGet,get,WhiteboardManager
TestAppointmentAddAppointment,testCreate,create,InvitationForm
TestAppointmentAddAppointment,testCreate,create,OmMenuItem
TestBackupVersion,testGet,get,OmUrlFragment
TestUserContact,testGetUser,getUser,UserChoiceProvider
TestGetAppointment,testGetByRoom,getByRoom,CalendarWebService
TestBackupVersion,testGet,get,ErrorWebService
TestBackupVersion,testGet,get,GroupWebService
TestBackupVersion,testGet,get,NetTestWebService
TestBackupVersion,testGet,get,UserWebService
TestBackupVersion,testGet,get,CalendarParamConverter
TestBackupVersion,testGet,get,DateParamConverter
