test_class,test_method,production_method,production_class
JobEntryTest,testCompareTo,compareTo,JobEntryTorque
JobEntryTest,testCompareTo,compareTo,JobEntryTorque
TurbineNonPersistentSchedulerServiceTest,testGetJob,getJob,JobQueue
QuartzSchedulerServiceTest,testGetJob,getJob,JobQueue
TurbineNonPersistentSchedulerServiceTest,testGetJob,getJob,JobQueue
LocalizationToolTest,testInit,init,TurbineNonPersistentSchedulerService
LocalizationToolTest,testInit,init,TurbineNonPersistentSchedulerService
TurbineNonPersistentSchedulerServiceTest,testGetJob,getJob,TurbineNonPersistentSchedulerService
QuartzSchedulerServiceTest,testGetJob,getJob,TurbineNonPersistentSchedulerService
TurbineNonPersistentSchedulerServiceTest,testGetJob,getJob,TurbineNonPersistentSchedulerService
LocalizationToolTest,testInit,init,TurbineSchedulerService
LocalizationToolTest,testInit,init,TurbineSchedulerService
TurbineNonPersistentSchedulerServiceTest,testGetJob,getJob,TurbineSchedulerService
QuartzSchedulerServiceTest,testGetJob,getJob,TurbineSchedulerService
TurbineNonPersistentSchedulerServiceTest,testGetJob,getJob,TurbineSchedulerService
LocalizationToolTest,testInit,init,GroupPeerManager
LocalizationToolTest,testInit,init,PermissionPeerManager
LocalizationToolTest,testInit,init,RolePeerManager
JobEntryTest,testCompareTo,compareTo,TorqueObject
JobEntryTest,testCompareTo,compareTo,TorqueObject
LocalizationToolTest,testInit,init,TorqueSecurityService
LocalizationToolTest,testInit,init,TorqueUserManager
SecurityServiceTest,testAccountExists,accountExists,TorqueUserManager
SecurityServiceTest,testAccountExists,accountExists,TorqueUserManager
LocalizationToolTest,testInit,init,UserPeerManager
LocalizationToolTest,testInit,init,HibernateFilter
DestroyTest,testDestroy,destroy,HibernateFilter
LocalizationToolTest,testInit,init,Turbine
LocalizationToolTest,testInit,init,Turbine
DestroyTest,testDestroy,destroy,Turbine
LocalizationToolTest,testInit,init,TurbineSystemPropertiesService
IntakeToolTest,testRefresh,refresh,TurbineUI
LocalizationToolTest,testRefresh,refresh,TurbineUI
IntakeToolTest,testRefresh,refresh,TurbineUI
LocalizationToolTest,testRefresh,refresh,TurbineUI
UIToolTest,testGetSkinNames,getSkinNames,TurbineUI
IntakeToolTest,testGet,get,TurbineUI
LocalizationToolTest,testGet,get,TurbineUI
IntakeToolTest,testGet,get,TurbineUI
LocalizationToolTest,testGet,get,TurbineUI
IntakeToolTest,testRefresh,refresh,TurbineUIService
LocalizationToolTest,testRefresh,refresh,TurbineUIService
IntakeToolTest,testRefresh,refresh,TurbineUIService
LocalizationToolTest,testRefresh,refresh,TurbineUIService
IntakeToolTest,testGet,get,TurbineUIService
LocalizationToolTest,testGet,get,TurbineUIService
IntakeToolTest,testGet,get,TurbineUIService
LocalizationToolTest,testGet,get,TurbineUIService
UIToolTest,testGetSkinNames,getSkinNames,TurbineUIService
LocalizationToolTest,testInit,init,TurbineUIService
IntakeToolTest,testRefresh,refresh,UIService
LocalizationToolTest,testRefresh,refresh,UIService
IntakeToolTest,testRefresh,refresh,UIService
LocalizationToolTest,testRefresh,refresh,UIService
UIToolTest,testGetSkinNames,getSkinNames,UIService
IntakeToolTest,testGet,get,UIService
LocalizationToolTest,testGet,get,UIService
IntakeToolTest,testGet,get,UIService
LocalizationToolTest,testGet,get,UIService
IntakeToolTest,testRefresh,refresh,UITool
LocalizationToolTest,testRefresh,refresh,UITool
UIToolTest,testGetSkinNames,getSkinNames,UITool
IntakeToolTest,testGet,get,UITool
LocalizationToolTest,testGet,get,UITool
LocalizationToolTest,testInit,init,UITool
LocalizationToolTest,testInit,init,TurbineOSGiComponentService
IntakeToolTest,testGet,get,TurbineOSGiComponentService
LocalizationToolTest,testGet,get,TurbineOSGiComponentService
AnnotationProcessorTest,testProcess,process,AnnotationProcessor
ErrorTest,testDobuild,doBuild,Layout
ErrorTest,testDobuild,doBuild,DirectResponseLayout
ErrorTest,testDobuild,doBuild,JspLayout
ErrorTest,testDobuild,doBuild,VelocityLayout
ErrorTest,testDobuild,doBuild,VelocityXslLayout
ErrorTest,testDobuild,doBuild,Navigation
ErrorTest,testDobuild,doBuild,TemplateNavigation
ErrorTest,testDobuild,doBuild,Page
ErrorTest,testDobuild,doBuild,DefaultPage
ErrorTest,testDobuild,doBuild,Screen
ErrorTest,testDobuild,doBuild,InvalidState
ErrorTest,testDobuild,doBuild,RawScreen
ErrorTest,testDobuild,doBuild,TemplateScreen
LocalizationToolTest,testInit,init,OMTool
IntakeToolTest,testRefresh,refresh,OMTool
LocalizationToolTest,testRefresh,refresh,OMTool
IntakeToolTest,testGet,get,OMTool
LocalizationToolTest,testGet,get,OMTool
IntakeToolTest,testGet,get,OMTool
LocalizationToolTest,testGet,get,OMTool
AnnotationProcessorTest,testProcess,process,DefaultLoginValve
IntakeToolTest,testGet,get,DefaultPipelineData
LocalizationToolTest,testGet,get,DefaultPipelineData
IntakeToolTest,testGet,get,DefaultPipelineData
LocalizationToolTest,testGet,get,DefaultPipelineData
IntakeToolTest,testGet,get,PipelineData
LocalizationToolTest,testGet,get,PipelineData
IntakeToolTest,testGet,get,PipelineData
LocalizationToolTest,testGet,get,PipelineData
LocalizationToolTest,testInit,init,TurbineAssemblerBrokerService
LocalizationToolTest,testInit,init,TurbineYaafiComponentService
IntakeToolTest,testGet,get,TurbineYaafiComponentService
LocalizationToolTest,testGet,get,TurbineYaafiComponentService
LocalizationToolTest,testInit,init,BaseInitable
LocalizationToolTest,testInit,init,BaseInitable
LocalizationToolTest,testInit,init,BaseServiceBroker
LocalizationToolTest,testInit,init,BaseUnicastRemoteService
LocalizationToolTest,testInit,init,BaseUnicastRemoteService
LocalizationToolTest,testInit,init,Initable
LocalizationToolTest,testInit,init,Initable
LocalizationToolTest,testInit,init,IntakeTool
IntakeToolTest,testRefresh,refresh,IntakeTool
LocalizationToolTest,testRefresh,refresh,IntakeTool
IntakeToolTest,testGet,get,IntakeTool
LocalizationToolTest,testGet,get,IntakeTool
IntakeToolTest,testGet,get,IntakeTool
LocalizationToolTest,testGet,get,IntakeTool
IntakeToolTest,testGet,get,IntakeTool
LocalizationToolTest,testGet,get,IntakeTool
IntakeToolTest,testGet,get,IntakeTool
LocalizationToolTest,testGet,get,IntakeTool
LocalizationToolTest,testInit,init,TurbineJspService
IntakeToolTest,testGet,get,LocalizationTool
LocalizationToolTest,testGet,get,LocalizationTool
LocalizationToolTest,testGetLocale,getLocale,LocalizationTool
LocalizationToolTest,testInit,init,LocalizationTool
IntakeToolTest,testRefresh,refresh,LocalizationTool
LocalizationToolTest,testRefresh,refresh,LocalizationTool
LocalizationToolTest,testInit,init,TurbineNamingService
LocalizationToolTest,testInit,init,ApplicationTool
IntakeToolTest,testRefresh,refresh,ApplicationTool
LocalizationToolTest,testRefresh,refresh,ApplicationTool
LocalizationToolTest,testInit,init,PipelineDataApplicationTool
IntakeToolTest,testRefresh,refresh,PipelineDataApplicationTool
LocalizationToolTest,testRefresh,refresh,PipelineDataApplicationTool
LocalizationToolTest,testInit,init,RunDataApplicationTool
IntakeToolTest,testRefresh,refresh,RunDataApplicationTool
LocalizationToolTest,testRefresh,refresh,RunDataApplicationTool
LocalizationToolTest,testInit,init,ContentTool
IntakeToolTest,testRefresh,refresh,ContentTool
LocalizationToolTest,testRefresh,refresh,ContentTool
LocalizationToolTest,testInit,init,TemplateLink
IntakeToolTest,testRefresh,refresh,TemplateLink
LocalizationToolTest,testRefresh,refresh,TemplateLink
IntakeToolTest,testRefresh,refresh,UITool
LocalizationToolTest,testRefresh,refresh,UITool
UIToolTest,testGetSkinNames,getSkinNames,UITool
IntakeToolTest,testGet,get,UITool
LocalizationToolTest,testGet,get,UITool
LocalizationToolTest,testInit,init,UITool
LocalizationToolTest,testInit,init,TurbinePullService
LocalizationToolTest,testInit,init,DateFormatter
IntakeToolTest,testRefresh,refresh,DateFormatter
LocalizationToolTest,testRefresh,refresh,DateFormatter
LocalizationToolTest,testInit,init,SessionData
IntakeToolTest,testRefresh,refresh,SessionData
LocalizationToolTest,testRefresh,refresh,SessionData
IntakeToolTest,testGet,get,SessionData
LocalizationToolTest,testGet,get,SessionData
LocalizationToolTest,testGetLocale,getLocale,DefaultTurbineRunData
LocalizationToolTest,testInit,init,TurbineRunDataService
JobEntryTest,testCompareTo,compareTo,AbstractJobEntry
JobEntryTest,testCompareTo,compareTo,AbstractJobEntry
LocalizationToolTest,testInit,init,AbstractSchedulerService
TurbineNonPersistentSchedulerServiceTest,testGetJob,getJob,AbstractSchedulerService
QuartzSchedulerServiceTest,testGetJob,getJob,AbstractSchedulerService
TurbineNonPersistentSchedulerServiceTest,testGetJob,getJob,AbstractSchedulerService
JobEntryTest,testCompareTo,compareTo,JobEntryQuartz
JobEntryTest,testCompareTo,compareTo,JobEntryQuartz
TurbineNonPersistentSchedulerServiceTest,testGetJob,getJob,JobQueue
QuartzSchedulerServiceTest,testGetJob,getJob,JobQueue
TurbineNonPersistentSchedulerServiceTest,testGetJob,getJob,JobQueue
LocalizationToolTest,testInit,init,QuartzSchedulerService
TurbineNonPersistentSchedulerServiceTest,testGetJob,getJob,QuartzSchedulerService
QuartzSchedulerServiceTest,testGetJob,getJob,QuartzSchedulerService
TurbineNonPersistentSchedulerServiceTest,testGetJob,getJob,QuartzSchedulerService
LocalizationToolTest,testInit,init,SchedulerTool
IntakeToolTest,testRefresh,refresh,SchedulerTool
LocalizationToolTest,testRefresh,refresh,SchedulerTool
TurbineNonPersistentSchedulerServiceTest,testGetJob,getJob,SchedulerTool
QuartzSchedulerServiceTest,testGetJob,getJob,SchedulerTool
TurbineNonPersistentSchedulerServiceTest,testGetJob,getJob,SchedulerTool
TurbineNonPersistentSchedulerServiceTest,testGetJob,getJob,ScheduleService
QuartzSchedulerServiceTest,testGetJob,getJob,ScheduleService
TurbineNonPersistentSchedulerServiceTest,testGetJob,getJob,ScheduleService
TurbineNonPersistentSchedulerServiceTest,testGetJob,getJob,TorqueSchedulerService
QuartzSchedulerServiceTest,testGetJob,getJob,TorqueSchedulerService
TurbineNonPersistentSchedulerServiceTest,testGetJob,getJob,TorqueSchedulerService
TurbineNonPersistentSchedulerServiceTest,testGetJob,getJob,TurbineNonPersistentSchedulerService
QuartzSchedulerServiceTest,testGetJob,getJob,TurbineNonPersistentSchedulerService
TurbineNonPersistentSchedulerServiceTest,testGetJob,getJob,TurbineNonPersistentSchedulerService
LocalizationToolTest,testInit,init,DefaultSecurityService
SecurityServiceTest,testAccountExists,accountExists,DefaultSecurityService
SecurityServiceTest,testAccountExists,accountExists,DefaultSecurityService
LocalizationToolTest,testInit,init,DefaultUserManager
SecurityServiceTest,testAccountExists,accountExists,DefaultUserManager
SecurityServiceTest,testAccountExists,accountExists,DefaultUserManager
LocalizationToolTest,testInit,init,PassiveUserManager
SecurityServiceTest,testAccountExists,accountExists,PassiveUserManager
SecurityServiceTest,testAccountExists,accountExists,PassiveUserManager
SecurityServiceTest,testAccountExists,accountExists,SecurityService
SecurityServiceTest,testAccountExists,accountExists,SecurityService
LocalizationToolTest,testInit,init,UserManager
SecurityServiceTest,testAccountExists,accountExists,UserManager
SecurityServiceTest,testAccountExists,accountExists,UserManager
LocalizationToolTest,testInit,init,ServiceManager
LocalizationToolTest,testInit,init,TurbineServletService
LocalizationToolTest,testInit,init,SessionTool
IntakeToolTest,testRefresh,refresh,SessionTool
LocalizationToolTest,testRefresh,refresh,SessionTool
LocalizationToolTest,testInit,init,TurbineSessionService
LocalizationToolTest,testInit,init,BaseMapper
LocalizationToolTest,testInit,init,Mapper
LocalizationToolTest,testInit,init,TurbineTemplateService
LocalizationToolTest,testInit,init,TurbineBaseService
LocalizationToolTest,testInit,init,TurbineBaseService
LocalizationToolTest,testInit,init,TurbineBaseService
IntakeToolTest,testGet,get,TurbineServiceProvider
LocalizationToolTest,testGet,get,TurbineServiceProvider
IntakeToolTest,testRefresh,refresh,TurbineUIService
LocalizationToolTest,testRefresh,refresh,TurbineUIService
IntakeToolTest,testRefresh,refresh,TurbineUIService
LocalizationToolTest,testRefresh,refresh,TurbineUIService
IntakeToolTest,testGet,get,TurbineUIService
LocalizationToolTest,testGet,get,TurbineUIService
IntakeToolTest,testGet,get,TurbineUIService
LocalizationToolTest,testGet,get,TurbineUIService
UIToolTest,testGetSkinNames,getSkinNames,TurbineUIService
LocalizationToolTest,testInit,init,TurbineUIService
IntakeToolTest,testRefresh,refresh,UIService
LocalizationToolTest,testRefresh,refresh,UIService
IntakeToolTest,testRefresh,refresh,UIService
LocalizationToolTest,testRefresh,refresh,UIService
UIToolTest,testGetSkinNames,getSkinNames,UIService
IntakeToolTest,testGet,get,UIService
LocalizationToolTest,testGet,get,UIService
IntakeToolTest,testGet,get,UIService
LocalizationToolTest,testGet,get,UIService
LocalizationToolTest,testInit,init,TurbineUniqueIdService
LocalizationToolTest,testInit,init,TurbineVelocityService
LocalizationToolTest,testInit,init,Turbine
LocalizationToolTest,testInit,init,Turbine
DestroyTest,testDestroy,destroy,Turbine
LocalizationToolTest,testGetLocale,getLocale,RunData
LocalizationToolTest,testInit,init,HtmlPageAttributes
IntakeToolTest,testRefresh,refresh,HtmlPageAttributes
LocalizationToolTest,testRefresh,refresh,HtmlPageAttributes
OMToolTest,testGetString,getString,TemplateInfo
LocalizationToolTest,testInit,init,TurbineConfig
LocalizationToolTest,testInit,init,BaseURI
LocalizationToolTest,testInit,init,TurbineURI
