test_class,test_method,production_method,production_class
WrappedExceptionTestCase,testMethodException,methodException,EventCartridge
WrappedExceptionTestCase,testMethodException,methodException,EventHandlerUtil
WrappedExceptionTestCase,testMethodException,methodException,PrintExceptions
WrappedExceptionTestCase,testMethodException,methodException,MethodExceptionEventHandler
EvaluateTestCase,testEvaluate,evaluate,Velocity
EvaluateTestCase,testEvaluate,evaluate,Velocity
EvaluateTestCase,testEvaluate,evaluate,VelocityEngine
EvaluateTestCase,testEvaluate,evaluate,VelocityEngine
StopDirectiveTestCase,testStop,stop,Scope
EvaluateTestCase,testEvaluate,evaluate,ASTAndNode
EvaluateTestCase,testEvaluate,evaluate,ASTComparisonNode
EvaluateTestCase,testEvaluate,evaluate,ASTElseIfStatement
EvaluateTestCase,testEvaluate,evaluate,ASTElseStatement
EvaluateTestCase,testEvaluate,evaluate,ASTExpression
EvaluateTestCase,testEvaluate,evaluate,ASTFalse
EvaluateTestCase,testEvaluate,evaluate,ASTFloatingPointLiteral
EvaluateTestCase,testEvaluate,evaluate,ASTIntegerLiteral
ArithmeticTestCase,testAdd,add,RangeIterator
StrictMathTestCase,testAdd,add,RangeIterator
EvaluateTestCase,testEvaluate,evaluate,ASTMap
ParserTestCase,testEquals,equals,MethodCacheKey
EvaluateTestCase,testEvaluate,evaluate,ASTNegateNode
EvaluateTestCase,testEvaluate,evaluate,ASTNENode
EvaluateTestCase,testEvaluate,evaluate,ASTNotNode
EvaluateTestCase,testEvaluate,evaluate,ASTObjectArray
EvaluateTestCase,testEvaluate,evaluate,ASTOrNode
EvaluateTestCase,testEvaluate,evaluate,ASTReference
EvaluateTestCase,testEvaluate,evaluate,ASTStringLiteral
EvaluateTestCase,testEvaluate,evaluate,ASTTrue
ArithmeticTestCase,testIsZero,isZero,MathUtils
ArithmeticTestCase,testAdd,add,MathUtils
StrictMathTestCase,testAdd,add,MathUtils
ArithmeticTestCase,testSubtract,subtract,MathUtils
ArithmeticTestCase,testMultiply,multiply,MathUtils
ArithmeticTestCase,testDivide,divide,MathUtils
ArithmeticTestCase,testModulo,modulo,MathUtils
ArithmeticTestCase,testCompare,compare,MathUtils
MacroDefaultArgTestCase,testCompare,compare,MathUtils
StrictCompareTestCase,testCompare,compare,MathUtils
ArithmeticTestCase,testNegate,negate,MathUtils
EvaluateTestCase,testEvaluate,evaluate,Node
EvaluateTestCase,testEvaluate,evaluate,SimpleNode
EvaluateTestCase,testEvaluate,evaluate,RuntimeInstance
EvaluateTestCase,testEvaluate,evaluate,RuntimeInstance
EvaluateTestCase,testEvaluate,evaluate,RuntimeServices
EvaluateTestCase,testEvaluate,evaluate,RuntimeServices
ArithmeticTestCase,testAdd,add,MethodMap
StrictMathTestCase,testAdd,add,MethodMap
ArithmeticTestCase,testCompare,compare,MethodMap
MacroDefaultArgTestCase,testCompare,compare,MethodMap
StrictCompareTestCase,testCompare,compare,MethodMap
WrappedExceptionTestCase,testMethodException,methodException,Handler1
WrappedExceptionTestCase,testMethodException,methodException,Handler2
WrappedExceptionTestCase,testMethodException,methodException,TestEventCartridge
StaticUtilityMethodsTestCase,testFoo,foo,Foo
StaticUtilityMethodsTestCase,testFoo,foo,FooImpl
WrappedExceptionTestCase,testMethodException,methodException,ExceptionGeneratingEventHandler
StaticUtilityMethodsTestCase,testFoo,foo,Foo
ArithmeticTestCase,testAdd,add,NiceTool
StrictMathTestCase,testAdd,add,NiceTool
ArithmeticTestCase,testAdd,add,NastyTool
StrictMathTestCase,testAdd,add,NastyTool
ArithmeticTestCase,testAdd,add,NastyTool
StrictMathTestCase,testAdd,add,NastyTool
VarargMethodsTestCase,testMax,max,NastyTool
VarargMethodsTestCase,testMax,max,NastyTool
WrappedExceptionTestCase,testMethodException,methodException,EventExample
TestBaseTestCase,testGetFileName,getFilename,VelocityScriptEngine
