test_class,test_method,production_method,production_class
QuorumServerTest,testToString,toString,FilterOp
QuorumServerTest,testToString,toString,Arg
MultipleAddressesTest,testEquals,equals,Message
QuorumServerTest,testToString,toString,JsonGenerator
QuorumServerTest,testToString,toString,Log4JEntry
MultipleAddressesTest,testSize,size,Log4JSourceIterator
UnifiedServerSocketModeDetectionTest,testClose,close,Log4JSourceIterator
QuorumServerTest,testToString,toString,Log4JSourceIterator
MultipleAddressesTest,testSize,size,Log4JSource
QuorumServerTest,testToString,toString,Log4JSource
MultipleAddressesTest,testSize,size,LogIterator
QuorumServerTest,testToString,toString,Mark
MultipleAddressesTest,testSize,size,LogSource
MultipleAddressesTest,testSize,size,MergedLogSourceIterator
UnifiedServerSocketModeDetectionTest,testClose,close,MergedLogSourceIterator
MultipleAddressesTest,testSize,size,MergedLogSource
QuorumServerTest,testToString,toString,MergedLogSource
ByteBufferInputStreamTest,testRead,read,RandomAccessFileReader
ByteBufferInputStreamTest,testRead,read,RandomAccessFileReader
UnifiedServerSocketModeDetectionTest,testClose,close,RandomAccessFileReader
QuorumServerTest,testToString,toString,TransactionEntry
MultipleAddressesTest,testSize,size,TxnLogSourceIterator
UnifiedServerSocketModeDetectionTest,testClose,close,TxnLogSourceIterator
MultipleAddressesTest,testSize,size,TxnLogSource
QuorumServerTest,testToString,toString,TxnLogSource
FLETest,testJoin,join,Credentials
MultipleAddressesTest,testEquals,equals,Endpoint
QuorumServerTest,testToString,toString,Endpoint
UnifiedServerSocketModeDetectionTest,testGetPort,getPort,HostPort
MultipleAddressesTest,testEquals,equals,HostPort
QuorumServerTest,testToString,toString,HostPortSet
UnifiedServerSocketModeDetectionTest,testGetPort,getPort,RestCfg
MultipleAddressesTest,testEquals,equals,ZChildren
QuorumServerTest,testToString,toString,ZChildren
MultipleAddressesTest,testEquals,equals,ZChildrenJSON
QuorumServerTest,testToString,toString,ZChildrenJSON
MultipleAddressesTest,testEquals,equals,ZPath
QuorumServerTest,testToString,toString,ZPath
MultipleAddressesTest,testEquals,equals,ZSession
QuorumServerTest,testToString,toString,ZSession
MultipleAddressesTest,testEquals,equals,ZStat
QuorumServerTest,testToString,toString,ZStat
SessionTest,testDeleteSession,deleteSession,SessionsResource
WriteLockTest,testRun,run,SessionTimerTask
AvgMinMaxCounterSetTest,testReset,reset,SessionTimerTask
AvgMinMaxPercentileCounterSetTest,testReset,reset,SessionTimerTask
AvgMinMaxPercentileCounterTest,testReset,reset,SessionTimerTask
BufferStatsTest,testReset,reset,SessionTimerTask
ServerStatsTest,testReset,reset,SessionTimerTask
UnifiedServerSocketModeDetectionTest,testClose,close,ZooKeeperService
UnifiedServerSocketModeDetectionTest,testClose,close,ZooKeeperService
UnifiedServerSocketModeDetectionTest,testIsConnected,isConnected,ZooKeeperService
WriteLockTest,testRun,run,Animation
GetTest,testGet,get,IconResource
MultipleAddressesTest,testEquals,equals,ZooInspectorNodeViewer
PersistentRecursiveWatcherTest,testDisconnect,disconnect,ZooInspectorPanel
PersistentWatcherTest,testDisconnect,disconnect,ZooInspectorPanel
PersistentRecursiveWatcherTest,testDisconnect,disconnect,ZooInspectorPanel
PersistentWatcherTest,testDisconnect,disconnect,ZooInspectorPanel
GetChildren2Test,testChildren,children,ZooInspectorTreeNode
StatTest,testChildren,children,ZooInspectorTreeNode
QuorumServerTest,testToString,toString,ZooInspectorTreeNode
MultipleAddressesTest,testEquals,equals,ZooInspectorTreeNode
GetChildrenTest,testGetChildren,getChildren,NodesCache
QuorumServerTest,testToString,toString,Pair
MultipleAddressesTest,testEquals,equals,Pair
PersistentRecursiveWatcherTest,testDisconnect,disconnect,ZooInspectorManager
PersistentWatcherTest,testDisconnect,disconnect,ZooInspectorManager
PersistentRecursiveWatcherTest,testDisconnect,disconnect,ZooInspectorManagerImpl
PersistentWatcherTest,testDisconnect,disconnect,ZooInspectorManagerImpl
GetChildrenTest,testGetChildren,getChildren,ZooInspectorManagerImpl
MultiOperationTest,testSetData,setData,ZooInspectorManagerImpl
ZooKeeperTest,testSetData,setData,ZooInspectorManagerImpl
MultiOperationTest,testSetData,setData,ZooInspectorNodeManager
ZooKeeperTest,testSetData,setData,ZooInspectorNodeManager
GetChildrenTest,testGetChildren,getChildren,ZooInspectorReadOnlyManager
UnifiedServerSocketModeDetectionTest,testClose,close,ZooKeeperRetry
CreateTest,testCreate,create,ZooKeeperRetry
RootTest,testCreate,create,ZooKeeperRetry
CreateContainerTest,testCreate,create,ZooKeeperRetry
CreateTTLTest,testCreate,create,ZooKeeperRetry
Emulate353TTLTest,testCreate,create,ZooKeeperRetry
QuorumRequestPipelineTest,testCreate,create,ZooKeeperRetry
CreateTest,testCreate,create,ZooKeeperRetry
MultiOperationTest,testCreate,create,ZooKeeperRetry
DeleteTest,testDelete,delete,ZooKeeperRetry
QuorumRequestPipelineTest,testDelete,delete,ZooKeeperRetry
ZooKeeperTest,testDelete,delete,ZooKeeperRetry
ExistsTest,testExists,exists,ZooKeeperRetry
QuorumRequestPipelineTest,testExists,exists,ZooKeeperRetry
ExistsTest,testExists,exists,ZooKeeperRetry
QuorumRequestPipelineTest,testExists,exists,ZooKeeperRetry
GetChildrenTest,testGetChildren,getChildren,ZooKeeperRetry
GetChildrenTest,testGetChildren,getChildren,ZooKeeperRetry
MultiOperationTest,testSetData,setData,ZooKeeperRetry
ZooKeeperTest,testSetData,setData,ZooKeeperRetry
WriteLockTest,testRun,run,SlaveThread
UnifiedServerSocketModeDetectionTest,testClose,close,SlaveThread
WriteLockTest,testRun,run,AcceptorThread
WriteLockTest,testRun,run,ReporterThread
WriteLockTest,testRun,run,ZooKeeperThread
WriteLockTest,testRun,run,SenderThread
WriteLockTest,testRun,run,InstanceContainer
UnifiedServerSocketModeDetectionTest,testClose,close,InstanceManager
QuorumServerTest,testToString,toString,SimpleClient
LeaderBeanTest,testGetName,getName,JField
LeaderBeanTest,testGetName,getName,JFile
LeaderBeanTest,testGetName,getName,JRecord
ByteBufferInputStreamTest,testRead,read,RecordReader
ByteBufferInputStreamTest,testRead,read,TestReader
GetTest,testGet,get,PrometheusCounter
CommandsTest,testDump,dump,PrometheusMetricsProvider
LeaderElectionSupportTest,testGetLeaderHostName,getLeaderHostName,LeaderElectionSupport
QuorumServerTest,testToString,toString,LeaderElectionSupport
QuorumServerTest,testToString,toString,LeaderOffer
UnifiedServerSocketModeDetectionTest,testClose,close,ProtocolSupport
UnifiedServerSocketModeDetectionTest,testIsClosed,isClosed,ProtocolSupport
QuorumServerTest,testToString,toString,ZNodeName
MultipleAddressesTest,testEquals,equals,ZNodeName
LeaderBeanTest,testGetName,getName,ZNodeName
QuorumServerTest,testToString,toString,ZooKeeperAdmin
QuorumServerTest,testToString,toString,AuditEvent
MultipleAddressesTest,testSize,size,HostProvider
MultipleAddressesTest,testSize,size,StaticHostProvider
QuorumServerTest,testToString,toString,Packet
SessionTimeoutTest,testQueueEvent,queueEvent,EventThread
SessionTimeoutTest,testQueueEvent,queueEvent,EventThread
WriteLockTest,testRun,run,EventThread
QuorumServerTest,testToString,toString,EndOfStreamException
WriteLockTest,testRun,run,SendThread
UnifiedServerSocketModeDetectionTest,testClose,close,SendThread
QuorumServerTest,testToString,toString,ClientCnxn
SessionTimeoutTest,testQueueEvent,queueEvent,ClientCnxn
PersistentRecursiveWatcherTest,testDisconnect,disconnect,ClientCnxn
PersistentWatcherTest,testDisconnect,disconnect,ClientCnxn
UnifiedServerSocketModeDetectionTest,testClose,close,ClientCnxn
UnifiedServerSocketModeDetectionTest,testIsConnected,isConnected,ClientCnxnSocket
UnifiedServerSocketModeDetectionTest,testGetRemoteSocketAddress,getRemoteSocketAddress,ClientCnxnSocket
UnifiedServerSocketModeDetectionTest,testGetLocalSocketAddress,getLocalSocketAddress,ClientCnxnSocket
UnifiedServerSocketModeDetectionTest,testClose,close,ClientCnxnSocket
UnifiedServerSocketModeDetectionTest,testIsConnected,isConnected,ClientCnxnSocketNetty
UnifiedServerSocketModeDetectionTest,testClose,close,ClientCnxnSocketNetty
UnifiedServerSocketModeDetectionTest,testGetRemoteSocketAddress,getRemoteSocketAddress,ClientCnxnSocketNetty
UnifiedServerSocketModeDetectionTest,testGetLocalSocketAddress,getLocalSocketAddress,ClientCnxnSocketNetty
UnifiedServerSocketModeDetectionTest,testIsConnected,isConnected,ClientCnxnSocketNIO
UnifiedServerSocketModeDetectionTest,testClose,close,ClientCnxnSocketNIO
UnifiedServerSocketModeDetectionTest,testGetRemoteSocketAddress,getRemoteSocketAddress,ClientCnxnSocketNIO
UnifiedServerSocketModeDetectionTest,testGetLocalSocketAddress,getLocalSocketAddress,ClientCnxnSocketNIO
UnifiedServerSocketModeDetectionTest,testClose,close,AtomicFileOutputStream
WriteLockTest,testRun,run,WatcherThread
BCFKSFileLoaderTest,testLoadKeyStore,loadKeyStore,KeyStoreLoader
JKSFileLoaderTest,testLoadKeyStore,loadKeyStore,KeyStoreLoader
PEMFileLoaderTest,testLoadKeyStore,loadKeyStore,KeyStoreLoader
PKCS12FileLoaderTest,testLoadKeyStore,loadKeyStore,KeyStoreLoader
BCFKSFileLoaderTest,testLoadTrustStore,loadTrustStore,KeyStoreLoader
JKSFileLoaderTest,testLoadTrustStore,loadTrustStore,KeyStoreLoader
PEMFileLoaderTest,testLoadTrustStore,loadTrustStore,KeyStoreLoader
PKCS12FileLoaderTest,testLoadTrustStore,loadTrustStore,KeyStoreLoader
GetChildrenTest,testGetChildren,getChildren,TrieNode
QuorumServerTest,testToString,toString,TrieNode
BCFKSFileLoaderTest,testLoadKeyStore,loadKeyStore,PEMFileLoader
JKSFileLoaderTest,testLoadKeyStore,loadKeyStore,PEMFileLoader
PEMFileLoaderTest,testLoadKeyStore,loadKeyStore,PEMFileLoader
PKCS12FileLoaderTest,testLoadKeyStore,loadKeyStore,PEMFileLoader
BCFKSFileLoaderTest,testLoadTrustStore,loadTrustStore,PEMFileLoader
JKSFileLoaderTest,testLoadTrustStore,loadTrustStore,PEMFileLoader
PEMFileLoaderTest,testLoadTrustStore,loadTrustStore,PEMFileLoader
PKCS12FileLoaderTest,testLoadTrustStore,loadTrustStore,PEMFileLoader
X509UtilTest,testCreateSSLSocket,createSSLSocket,SSLContextAndOptions
X509UtilTest,testCreateSSLSocket,createSSLSocket,SSLContextAndOptions
BCFKSFileLoaderTest,testLoadKeyStore,loadKeyStore,StandardTypeFileKeyStoreLoader
JKSFileLoaderTest,testLoadKeyStore,loadKeyStore,StandardTypeFileKeyStoreLoader
PEMFileLoaderTest,testLoadKeyStore,loadKeyStore,StandardTypeFileKeyStoreLoader
PKCS12FileLoaderTest,testLoadKeyStore,loadKeyStore,StandardTypeFileKeyStoreLoader
BCFKSFileLoaderTest,testLoadTrustStore,loadTrustStore,StandardTypeFileKeyStoreLoader
JKSFileLoaderTest,testLoadTrustStore,loadTrustStore,StandardTypeFileKeyStoreLoader
PEMFileLoaderTest,testLoadTrustStore,loadTrustStore,StandardTypeFileKeyStoreLoader
PKCS12FileLoaderTest,testLoadTrustStore,loadTrustStore,StandardTypeFileKeyStoreLoader
TimeTest,testElapsedTimeToDate,elapsedTimeToDate,Time
X509UtilTest,testGetSslHandshakeDetectionTimeoutMillisProperty,getSslHandshakeDetectionTimeoutMillisProperty,X509Util
BCFKSFileLoaderTest,testLoadKeyStore,loadKeyStore,X509Util
JKSFileLoaderTest,testLoadKeyStore,loadKeyStore,X509Util
PEMFileLoaderTest,testLoadKeyStore,loadKeyStore,X509Util
PKCS12FileLoaderTest,testLoadKeyStore,loadKeyStore,X509Util
BCFKSFileLoaderTest,testLoadTrustStore,loadTrustStore,X509Util
JKSFileLoaderTest,testLoadTrustStore,loadTrustStore,X509Util
PEMFileLoaderTest,testLoadTrustStore,loadTrustStore,X509Util
PKCS12FileLoaderTest,testLoadTrustStore,loadTrustStore,X509Util
X509UtilTest,testCreateSSLSocket,createSSLSocket,X509Util
X509UtilTest,testCreateSSLSocket,createSSLSocket,X509Util
UnifiedServerSocketModeDetectionTest,testClose,close,X509Util
QuorumServerTest,testToString,toString,SubjectName
ZKHostnameVerifierTest,testVerify,verify,ZKHostnameVerifier
ZKHostnameVerifierTest,testVerify,verify,ZKHostnameVerifier
QuorumServerTest,testToString,toString,Entry
LeaderBeanTest,testGetName,getName,ZKMBeanInfo
CreateTest,testCreate,create,KeeperException
RootTest,testCreate,create,KeeperException
CreateContainerTest,testCreate,create,KeeperException
CreateTTLTest,testCreate,create,KeeperException
Emulate353TTLTest,testCreate,create,KeeperException
QuorumRequestPipelineTest,testCreate,create,KeeperException
CreateTest,testCreate,create,KeeperException
MultiOperationTest,testCreate,create,KeeperException
CreateTest,testCreate,create,KeeperException
RootTest,testCreate,create,KeeperException
CreateContainerTest,testCreate,create,KeeperException
CreateTTLTest,testCreate,create,KeeperException
Emulate353TTLTest,testCreate,create,KeeperException
QuorumRequestPipelineTest,testCreate,create,KeeperException
CreateTest,testCreate,create,KeeperException
MultiOperationTest,testCreate,create,KeeperException
CreateTest,testCreate,create,KeeperException
RootTest,testCreate,create,KeeperException
CreateContainerTest,testCreate,create,KeeperException
CreateTTLTest,testCreate,create,KeeperException
Emulate353TTLTest,testCreate,create,KeeperException
QuorumRequestPipelineTest,testCreate,create,KeeperException
CreateTest,testCreate,create,KeeperException
MultiOperationTest,testCreate,create,KeeperException
CreateTest,testCreate,create,KeeperException
RootTest,testCreate,create,KeeperException
CreateContainerTest,testCreate,create,KeeperException
CreateTTLTest,testCreate,create,KeeperException
Emulate353TTLTest,testCreate,create,KeeperException
QuorumRequestPipelineTest,testCreate,create,KeeperException
CreateTest,testCreate,create,KeeperException
MultiOperationTest,testCreate,create,KeeperException
MultiOperationTest,testGetResults,getResults,KeeperException
GetTest,testGet,get,Counter
GetTest,testGet,get,Gauge
CommandsTest,testDump,dump,DefaultMetricsContext
AvgMinMaxCounterSetTest,testReset,reset,DefaultMetricsContext
AvgMinMaxPercentileCounterSetTest,testReset,reset,DefaultMetricsContext
AvgMinMaxPercentileCounterTest,testReset,reset,DefaultMetricsContext
BufferStatsTest,testReset,reset,DefaultMetricsContext
ServerStatsTest,testReset,reset,DefaultMetricsContext
CommandsTest,testDump,dump,DefaultMetricsProvider
GetTest,testGet,get,NullCounter
CommandsTest,testDump,dump,NullMetricsProvider
CommandsTest,testDump,dump,MetricsProvider
MultipleAddressesTest,testSize,size,MultiOperationRecord
MultipleAddressesTest,testEquals,equals,MultiOperationRecord
MultipleAddressesTest,testSize,size,MultiResponse
MultipleAddressesTest,testEquals,equals,MultiResponse
MultipleAddressesTest,testEquals,equals,Create
MultipleAddressesTest,testEquals,equals,CreateTTL
MultipleAddressesTest,testEquals,equals,Delete
MultipleAddressesTest,testEquals,equals,SetData
MultipleAddressesTest,testEquals,equals,Check
MultipleAddressesTest,testEquals,equals,GetChildren
MultipleAddressesTest,testEquals,equals,GetData
CreateTest,testCreate,create,Op
RootTest,testCreate,create,Op
CreateContainerTest,testCreate,create,Op
CreateTTLTest,testCreate,create,Op
Emulate353TTLTest,testCreate,create,Op
QuorumRequestPipelineTest,testCreate,create,Op
CreateTest,testCreate,create,Op
MultiOperationTest,testCreate,create,Op
CreateTest,testCreate,create,Op
RootTest,testCreate,create,Op
CreateContainerTest,testCreate,create,Op
CreateTTLTest,testCreate,create,Op
Emulate353TTLTest,testCreate,create,Op
QuorumRequestPipelineTest,testCreate,create,Op
CreateTest,testCreate,create,Op
MultiOperationTest,testCreate,create,Op
CreateTest,testCreate,create,Op
RootTest,testCreate,create,Op
CreateContainerTest,testCreate,create,Op
CreateTTLTest,testCreate,create,Op
Emulate353TTLTest,testCreate,create,Op
QuorumRequestPipelineTest,testCreate,create,Op
CreateTest,testCreate,create,Op
MultiOperationTest,testCreate,create,Op
CreateTest,testCreate,create,Op
RootTest,testCreate,create,Op
CreateContainerTest,testCreate,create,Op
CreateTTLTest,testCreate,create,Op
Emulate353TTLTest,testCreate,create,Op
QuorumRequestPipelineTest,testCreate,create,Op
CreateTest,testCreate,create,Op
MultiOperationTest,testCreate,create,Op
DeleteTest,testDelete,delete,Op
QuorumRequestPipelineTest,testDelete,delete,Op
ZooKeeperTest,testDelete,delete,Op
MultiOperationTest,testSetData,setData,Op
ZooKeeperTest,testSetData,setData,Op
GetChildrenTest,testGetChildren,getChildren,Op
MultipleAddressesTest,testEquals,equals,CreateResult
MultipleAddressesTest,testEquals,equals,DeleteResult
MultipleAddressesTest,testEquals,equals,SetDataResult
MultipleAddressesTest,testEquals,equals,CheckResult
GetChildrenTest,testGetChildren,getChildren,GetChildrenResult
MultipleAddressesTest,testEquals,equals,GetChildrenResult
MultipleAddressesTest,testEquals,equals,GetDataResult
MultipleAddressesTest,testEquals,equals,ErrorResult
QuorumServerTest,testToString,toString,WrapperInetSocketAddress
QuorumServerTest,testToString,toString,WrapperInetAddress
WriteLockTest,testRun,run,Command
WatchesPathReportTest,testToMap,toMap,CommandResponse
WatchesReportTest,testToMap,toMap,CommandResponse
WatchesSummaryTest,testToMap,toMap,CommandResponse
ZooKeeperServerConfTest,testToMap,toMap,CommandResponse
WriteLockTest,testRun,run,CnxnStatResetCommand
WriteLockTest,testRun,run,ConfCommand
WriteLockTest,testRun,run,ConsCommand
WriteLockTest,testRun,run,DirsCommand
WriteLockTest,testRun,run,DumpCommand
WriteLockTest,testRun,run,EnvCommand
WriteLockTest,testRun,run,DigestCommand
WriteLockTest,testRun,run,GetTraceMaskCommand
WriteLockTest,testRun,run,InitialConfigurationCommand
WriteLockTest,testRun,run,IsroCommand
WriteLockTest,testRun,run,LastSnapshotCommand
WriteLockTest,testRun,run,LeaderCommand
WriteLockTest,testRun,run,MonitorCommand
WriteLockTest,testRun,run,ObserverCnxnStatResetCommand
WriteLockTest,testRun,run,RuokCommand
WriteLockTest,testRun,run,SetTraceMaskCommand
WriteLockTest,testRun,run,SrvrCommand
WriteLockTest,testRun,run,StatCommand
WriteLockTest,testRun,run,StatResetCommand
WriteLockTest,testRun,run,SyncedObserverConsCommand
WriteLockTest,testRun,run,SystemPropertiesCommand
WriteLockTest,testRun,run,VotingViewCommand
WriteLockTest,testRun,run,WatchCommand
WriteLockTest,testRun,run,WatchesByPathCommand
WriteLockTest,testRun,run,WatchSummaryCommand
WriteLockTest,testRun,run,ZabStateCommand
UnifiedServerSocketModeDetectionTest,testGetLocalAddress,getLocalAddress,ReadAheadEndpoint
UnifiedServerSocketModeDetectionTest,testIsOutputShutdown,isOutputShutdown,ReadAheadEndpoint
UnifiedServerSocketModeDetectionTest,testIsInputShutdown,isInputShutdown,ReadAheadEndpoint
UnifiedServerSocketModeDetectionTest,testShutdownOutput,shutdownOutput,ReadAheadEndpoint
UnifiedServerSocketModeDetectionTest,testClose,close,ReadAheadEndpoint
QuorumServerTest,testToString,toString,UnifiedConnectionFactory
QuorumServerTest,testToString,toString,Rule
QuorumServerTest,testToString,toString,KerberosName
ZKClientConfigTest,testSetConfiguration,setConfiguration,KerberosName
AvgMinMaxCounterSetTest,testReset,reset,ProviderRegistry
AvgMinMaxPercentileCounterSetTest,testReset,reset,ProviderRegistry
AvgMinMaxPercentileCounterTest,testReset,reset,ProviderRegistry
BufferStatsTest,testReset,reset,ProviderRegistry
ServerStatsTest,testReset,reset,ProviderRegistry
ByteBufferInputStreamTest,testRead,read,ByteBufferInputStream
ByteBufferInputStreamTest,testAvailable,available,ByteBufferInputStream
ByteBufferInputStreamTest,testRead,read,ByteBufferInputStream
ByteBufferInputStreamTest,testRead,read,ByteBufferInputStream
ByteBufferInputStreamTest,testSkip,skip,ByteBufferInputStream
WriteLockTest,testRun,run,AbstractFourLetterCommand
LeaderBeanTest,testGetName,getName,ConnectionBean
QuorumServerTest,testToString,toString,ConnectionBean
WriteLockTest,testRun,run,PurgeTask
GetChildrenTest,testGetChildren,getChildren,DataNode
MultipleAddressesTest,testEquals,equals,ProcessTxnResult
GetEphemeralsTest,testGetEphemerals,getEphemerals,DataTree
WatchesPathReportTest,testGetSessions,getSessions,DataTree
DataTreeTest,testCachedApproximateDataSize,cachedApproximateDataSize,DataTree
MultiOperationTest,testSetData,setData,DataTree
ZooKeeperTest,testSetData,setData,DataTree
GetChildrenTest,testGetChildren,getChildren,DataTree
DataTreeTest,testGetAllChildrenNumber,getAllChildrenNumber,DataTree
DataTreeTest,testDumpEphemerals,dumpEphemerals,DataTree
GetEphemeralsTest,testGetEphemerals,getEphemerals,DataTree
DataTreeTest,testDeserializeZxidDigest,deserializeZxidDigest,DataTree
LeaderBeanTest,testGetName,getName,DataTreeBean
UnifiedServerSocketModeDetectionTest,testClose,close,DumbWatcher
NettyServerCnxnTest,testSendCloseSession,sendCloseSession,DumbWatcher
CommandsTest,testServerStats,serverStats,DumbWatcher
UnifiedServerSocketModeDetectionTest,testGetRemoteSocketAddress,getRemoteSocketAddress,DumbWatcher
CommandsTest,testDump,dump,ExpiryQueue
AvgMinMaxCounterSetTest,testReset,reset,AvgMinMaxCounter
AvgMinMaxPercentileCounterSetTest,testReset,reset,AvgMinMaxCounter
AvgMinMaxPercentileCounterTest,testReset,reset,AvgMinMaxCounter
BufferStatsTest,testReset,reset,AvgMinMaxCounter
ServerStatsTest,testReset,reset,AvgMinMaxCounter
AvgMinMaxCounterSetTest,testValues,values,AvgMinMaxCounter
AvgMinMaxPercentileCounterSetTest,testValues,values,AvgMinMaxCounter
AvgMinMaxPercentileCounterTest,testValues,values,AvgMinMaxCounter
AvgMinMaxCounterSetTest,testReset,reset,AvgMinMaxCounterSet
AvgMinMaxPercentileCounterSetTest,testReset,reset,AvgMinMaxCounterSet
AvgMinMaxPercentileCounterTest,testReset,reset,AvgMinMaxCounterSet
BufferStatsTest,testReset,reset,AvgMinMaxCounterSet
ServerStatsTest,testReset,reset,AvgMinMaxCounterSet
AvgMinMaxCounterSetTest,testValues,values,AvgMinMaxCounterSet
AvgMinMaxPercentileCounterSetTest,testValues,values,AvgMinMaxCounterSet
AvgMinMaxPercentileCounterTest,testValues,values,AvgMinMaxCounterSet
MultipleAddressesTest,testSize,size,ResettableUniformReservoir
AvgMinMaxCounterSetTest,testReset,reset,ResettableUniformReservoir
AvgMinMaxPercentileCounterSetTest,testReset,reset,ResettableUniformReservoir
AvgMinMaxPercentileCounterTest,testReset,reset,ResettableUniformReservoir
BufferStatsTest,testReset,reset,ResettableUniformReservoir
ServerStatsTest,testReset,reset,ResettableUniformReservoir
AvgMinMaxCounterSetTest,testReset,reset,AvgMinMaxPercentileCounter
AvgMinMaxPercentileCounterSetTest,testReset,reset,AvgMinMaxPercentileCounter
AvgMinMaxPercentileCounterTest,testReset,reset,AvgMinMaxPercentileCounter
BufferStatsTest,testReset,reset,AvgMinMaxPercentileCounter
ServerStatsTest,testReset,reset,AvgMinMaxPercentileCounter
AvgMinMaxCounterSetTest,testValues,values,AvgMinMaxPercentileCounter
AvgMinMaxPercentileCounterSetTest,testValues,values,AvgMinMaxPercentileCounter
AvgMinMaxPercentileCounterTest,testValues,values,AvgMinMaxPercentileCounter
AvgMinMaxCounterSetTest,testReset,reset,AvgMinMaxPercentileCounterSet
AvgMinMaxPercentileCounterSetTest,testReset,reset,AvgMinMaxPercentileCounterSet
AvgMinMaxPercentileCounterTest,testReset,reset,AvgMinMaxPercentileCounterSet
BufferStatsTest,testReset,reset,AvgMinMaxPercentileCounterSet
ServerStatsTest,testReset,reset,AvgMinMaxPercentileCounterSet
AvgMinMaxCounterSetTest,testValues,values,AvgMinMaxPercentileCounterSet
AvgMinMaxPercentileCounterSetTest,testValues,values,AvgMinMaxPercentileCounterSet
AvgMinMaxPercentileCounterTest,testValues,values,AvgMinMaxPercentileCounterSet
AvgMinMaxCounterSetTest,testReset,reset,Metric
AvgMinMaxPercentileCounterSetTest,testReset,reset,Metric
AvgMinMaxPercentileCounterTest,testReset,reset,Metric
BufferStatsTest,testReset,reset,Metric
ServerStatsTest,testReset,reset,Metric
AvgMinMaxCounterSetTest,testValues,values,Metric
AvgMinMaxPercentileCounterSetTest,testValues,values,Metric
AvgMinMaxPercentileCounterTest,testValues,values,Metric
AvgMinMaxCounterSetTest,testReset,reset,SimpleCounter
AvgMinMaxPercentileCounterSetTest,testReset,reset,SimpleCounter
AvgMinMaxPercentileCounterTest,testReset,reset,SimpleCounter
BufferStatsTest,testReset,reset,SimpleCounter
ServerStatsTest,testReset,reset,SimpleCounter
GetTest,testGet,get,SimpleCounter
AvgMinMaxCounterSetTest,testValues,values,SimpleCounter
AvgMinMaxPercentileCounterSetTest,testValues,values,SimpleCounter
AvgMinMaxPercentileCounterTest,testValues,values,SimpleCounter
UnifiedServerSocketModeDetectionTest,testClose,close,SendBufferWriter
UnifiedServerSocketModeDetectionTest,testClose,close,NettyServerCnxn
UnifiedServerSocketModeDetectionTest,testClose,close,NettyServerCnxn
UnifiedServerSocketModeDetectionTest,testGetRemoteSocketAddress,getRemoteSocketAddress,NettyServerCnxn
NettyServerCnxnTest,testSendCloseSession,sendCloseSession,NettyServerCnxn
CommandsTest,testServerStats,serverStats,NettyServerCnxn
ByteBufferInputStreamTest,testRead,read,ReadIssuedTrackingHandler
UnifiedServerSocketModeDetectionTest,testGetLocalPort,getLocalPort,NettyServerCnxnFactory
FLETest,testJoin,join,NettyServerCnxnFactory
BufferSizeTest,testStartup,startup,NettyServerCnxnFactory
UnifiedServerSocketModeDetectionTest,testGetLocalAddress,getLocalAddress,NettyServerCnxnFactory
UnifiedServerSocketModeDetectionTest,testClose,close,SendBufferWriter
NettyServerCnxnTest,testSendCloseSession,sendCloseSession,NIOServerCnxn
QuorumServerTest,testToString,toString,NIOServerCnxn
UnifiedServerSocketModeDetectionTest,testClose,close,NIOServerCnxn
UnifiedServerSocketModeDetectionTest,testClose,close,NIOServerCnxn
UnifiedServerSocketModeDetectionTest,testGetRemoteSocketAddress,getRemoteSocketAddress,NIOServerCnxn
CommandsTest,testServerStats,serverStats,NIOServerCnxn
WriteLockTest,testRun,run,AcceptThread
WriteLockTest,testRun,run,SelectorThread
WriteLockTest,testRun,run,ConnectionExpirerThread
BufferSizeTest,testStartup,startup,NIOServerCnxnFactory
UnifiedServerSocketModeDetectionTest,testGetLocalAddress,getLocalAddress,NIOServerCnxnFactory
UnifiedServerSocketModeDetectionTest,testGetLocalPort,getLocalPort,NIOServerCnxnFactory
FLETest,testJoin,join,NIOServerCnxnFactory
GetTest,testGet,get,NodeHashMap
MultipleAddressesTest,testSize,size,NodeHashMap
GetTest,testGet,get,NodeHashMapImpl
MultipleAddressesTest,testSize,size,NodeHashMapImpl
LeaderBeanTest,testGetName,getName,ObserverBean
FileTxnLogTest,testSetPreallocSize,setPreallocSize,FilePadding
PurgeTxnTest,testFindNValidSnapshots,findNValidSnapshots,FileSnap
UnifiedServerSocketModeDetectionTest,testClose,close,FileSnap
ByteBufferInputStreamTest,testRead,read,PositionInputStream
ByteBufferInputStreamTest,testRead,read,PositionInputStream
ByteBufferInputStreamTest,testRead,read,PositionInputStream
ByteBufferInputStreamTest,testSkip,skip,PositionInputStream
AvgMinMaxCounterSetTest,testReset,reset,PositionInputStream
AvgMinMaxPercentileCounterSetTest,testReset,reset,PositionInputStream
AvgMinMaxPercentileCounterTest,testReset,reset,PositionInputStream
BufferStatsTest,testReset,reset,PositionInputStream
ServerStatsTest,testReset,reset,PositionInputStream
UnifiedServerSocketModeDetectionTest,testClose,close,FileTxnIterator
FileTxnLogTest,testSetPreallocSize,setPreallocSize,FileTxnLog
FileTxnLogTest,testGetCurrentLogSize,getCurrentLogSize,FileTxnLog
UnifiedServerSocketModeDetectionTest,testClose,close,FileTxnLog
ZooKeeperServerTest,testGetLogFiles,getLogFiles,FileTxnLog
UnifiedServerSocketModeDetectionTest,testClose,close,FileTxnLog
FileTxnSnapLogTest,testGetTxnLogSyncElapsedTime,getTxnLogSyncElapsedTime,FileTxnLog
ByteBufferInputStreamTest,testRead,read,FileTxnLog
ByteBufferInputStreamTest,testRead,read,FileTxnLog
TruncateTest,testTruncate,truncate,FileTxnLog
WriteLockTest,testRun,run,RestoreFinalizer
LoadFromLogTest,testRestore,restore,FileTxnSnapLog
PurgeTxnTest,testFindNValidSnapshots,findNValidSnapshots,FileTxnSnapLog
UnifiedServerSocketModeDetectionTest,testClose,close,FileTxnSnapLog
UnifiedServerSocketModeDetectionTest,testClose,close,SnapShot
UnifiedServerSocketModeDetectionTest,testGetInputStream,getInputStream,SnapStream
UnifiedServerSocketModeDetectionTest,testGetOutputStream,getOutputStream,SnapStream
SnapStreamTest,testGetStreamMode,getStreamMode,SnapStream
SnapStreamTest,testGetStreamMode,getStreamMode,SnapStream
UnifiedServerSocketModeDetectionTest,testClose,close,TxnIterator
ByteBufferInputStreamTest,testRead,read,TxnLog
TruncateTest,testTruncate,truncate,TxnLog
FileTxnSnapLogTest,testGetTxnLogSyncElapsedTime,getTxnLogSyncElapsedTime,TxnLog
UnifiedServerSocketModeDetectionTest,testClose,close,TxnLog
CommandsTest,testDump,dump,TxnLogToolkit
UnifiedServerSocketModeDetectionTest,testClose,close,TxnLogToolkit
WriteLockTest,testRun,run,PrepRequestProcessor
PrepRequestProcessorTest,testPRequest,pRequest,PrepRequestProcessor
PurgeTxnTest,testPurge,purge,PurgeTxnLog
AvgMinMaxCounterSetTest,testReset,reset,BufferStats
AvgMinMaxPercentileCounterSetTest,testReset,reset,BufferStats
AvgMinMaxPercentileCounterTest,testReset,reset,BufferStats
BufferStatsTest,testReset,reset,BufferStats
ServerStatsTest,testReset,reset,BufferStats
QuorumServerTest,testToString,toString,BufferStats
WriteLockTest,testRun,run,CommitProcessor
WriteLockTest,testRun,run,WorkerReceiver
WriteLockTest,testRun,run,WorkerSender
MultipleAddressesTest,testEquals,equals,QuorumHierarchical
QuorumServerTest,testToString,toString,QuorumHierarchical
MultipleAddressesTest,testEquals,equals,QuorumMaj
QuorumServerTest,testToString,toString,QuorumMaj
MultipleAddressesTest,testEquals,equals,QuorumVerifier
QuorumServerTest,testToString,toString,QuorumVerifier
QuorumServerTest,testToString,toString,Follower
LeaderBeanTest,testGetName,getName,FollowerBean
LeaderBeanTest,testGetElectionTimeTaken,getElectionTimeTaken,FollowerBean
LeaderBeanTest,testGetElectionTimeTaken,getElectionTimeTaken,FollowerMXBean
WriteLockTest,testRun,run,FollowerRequestProcessor
QuorumRequestPipelineTest,testSync,sync,FollowerZooKeeperServer
SyncCallTest,testSync,sync,FollowerZooKeeperServer
QuorumServerTest,testToString,toString,Proposal
WriteLockTest,testRun,run,LearnerCnxAcceptorHandler
WriteLockTest,testRun,run,LearnerCnxAcceptor
LeaderWithObserverTest,testGetEpochToPropose,getEpochToPropose,Leader
LeaderWithObserverTest,testWaitForEpochAck,waitForEpochAck,Leader
LeaderWithObserverTest,testWaitForNewLeaderAck,waitForNewLeaderAck,Leader
LeaderBeanTest,testGetName,getName,LeaderBean
LeaderBeanTest,testGetCurrentZxid,getCurrentZxid,LeaderBean
LeaderBeanTest,testFollowerInfo,followerInfo,LeaderBean
LeaderBeanTest,testGetElectionTimeTaken,getElectionTimeTaken,LeaderBean
LeaderBeanTest,testGetName,getName,LeaderElectionBean
LeaderBeanTest,testGetCurrentZxid,getCurrentZxid,LeaderMXBean
LeaderBeanTest,testFollowerInfo,followerInfo,LeaderMXBean
LeaderBeanTest,testGetElectionTimeTaken,getElectionTimeTaken,LeaderMXBean
BufferSizeTest,testStartup,startup,LeaderZooKeeperServer
WriteLockTest,testRun,run,LeaderConnector
ChrootClientTest,testPing,ping,Learner
ClientTest,testPing,ping,Learner
QuorumTest,testPing,ping,Learner
MultipleAddressesTest,testEquals,equals,MarkerQuorumPacket
QuorumServerTest,testToString,toString,LearnerHandler
WriteLockTest,testRun,run,LearnerHandler
ChrootClientTest,testPing,ping,LearnerHandler
ClientTest,testPing,ping,LearnerHandler
QuorumTest,testPing,ping,LearnerHandler
LeaderBeanTest,testGetName,getName,LearnerHandlerBean
QuorumServerTest,testToString,toString,LearnerHandlerBean
LeaderWithObserverTest,testWaitForEpochAck,waitForEpochAck,LearnerMaster
LeaderWithObserverTest,testGetEpochToPropose,getEpochToPropose,LearnerMaster
LeaderWithObserverTest,testWaitForNewLeaderAck,waitForNewLeaderAck,LearnerMaster
WriteLockTest,testRun,run,LearnerSender
InvalidSnapshotTest,testSnapshot,snapshot,LearnerSessionTracker
LeaderBeanTest,testGetName,getName,LocalPeerBean
RemotePeerBeanTest,testIsLeader,isLeader,LocalPeerBean
RemotePeerBeanTest,testIsLeader,isLeader,LocalPeerMXBean
MultipleAddressesTest,testIsEmpty,isEmpty,MultipleAddresses
MultipleAddressesTest,testGetAllAddresses,getAllAddresses,MultipleAddresses
MultipleAddressesTest,testGetWildcardAddresses,getWildcardAddresses,MultipleAddresses
MultipleAddressesTest,testGetAllPorts,getAllPorts,MultipleAddresses
MultipleAddressesTest,testGetAllHostStrings,getAllHostStrings,MultipleAddresses
MultipleAddressesTest,testGetAllReachableAddresses,getAllReachableAddresses,MultipleAddresses
MultipleAddressesTest,testRecreateSocketAddresses,recreateSocketAddresses,MultipleAddresses
MultipleAddressesTest,testSize,size,MultipleAddresses
MultipleAddressesTest,testEquals,equals,MultipleAddresses
QuorumServerTest,testToString,toString,MultipleAddresses
QuorumServerTest,testToString,toString,Observer
MultipleAddressesTest,testEquals,equals,Revalidation
LeaderWithObserverTest,testWaitForEpochAck,waitForEpochAck,ObserverMaster
LeaderWithObserverTest,testGetEpochToPropose,getEpochToPropose,ObserverMaster
LeaderWithObserverTest,testWaitForNewLeaderAck,waitForNewLeaderAck,ObserverMaster
WriteLockTest,testRun,run,ObserverMaster
WriteLockTest,testRun,run,ObserverRequestProcessor
QuorumRequestPipelineTest,testSync,sync,ObserverZooKeeperServer
SyncCallTest,testSync,sync,ObserverZooKeeperServer
UnifiedServerSocketModeDetectionTest,testGetInputStream,getInputStream,PrependableSocket
LeaderBeanTest,testGetName,getName,QuorumBean
QuorumServerTest,testToString,toString,InitialMessage
WriteLockTest,testRun,run,QuorumConnectionReqThread
WriteLockTest,testRun,run,QuorumConnectionReceiverThread
WriteLockTest,testRun,run,ListenerHandler
UnifiedServerSocketModeDetectionTest,testClose,close,ListenerHandler
WriteLockTest,testRun,run,Listener
WriteLockTest,testRun,run,SendWorker
WriteLockTest,testRun,run,RecvWorker
LeaderBeanTest,testGetName,getName,QuorumMXBean
MultipleAddressesTest,testRecreateSocketAddresses,recreateSocketAddresses,QuorumServer
QuorumServerTest,testToString,toString,QuorumServer
MultipleAddressesTest,testEquals,equals,QuorumServer
WriteLockTest,testRun,run,ResponderThread
MultipleAddressesTest,testRecreateSocketAddresses,recreateSocketAddresses,QuorumPeer
WriteLockTest,testRun,run,QuorumPeer
QuorumTest,testGetView,getView,QuorumPeer
QuorumTest,testViewContains,viewContains,QuorumPeer
LeaderBeanTest,testGetElectionTimeTaken,getElectionTimeTaken,QuorumPeer
RemotePeerBeanTest,testIsLeader,isLeader,QuorumPeer
QuorumServerTest,testToString,toString,QuorumStats
LeaderBeanTest,testGetName,getName,ReadOnlyBean
WriteLockTest,testRun,run,ReadOnlyRequestProcessor
BufferSizeTest,testStartup,startup,ReadOnlyZooKeeperServer
LeaderBeanTest,testGetName,getName,RemotePeerBean
RemotePeerBeanTest,testIsLeader,isLeader,RemotePeerBean
LeaderBeanTest,testGetName,getName,RemotePeerMXBean
RemotePeerBeanTest,testIsLeader,isLeader,RemotePeerMXBean
LeaderBeanTest,testGetName,getName,ServerMXBean
MultipleAddressesTest,testEquals,equals,StateSummary
UnifiedServerSocketModeDetectionTest,testGetInetAddress,getInetAddress,UnifiedSocket
UnifiedServerSocketModeDetectionTest,testGetLocalAddress,getLocalAddress,UnifiedSocket
UnifiedServerSocketModeDetectionTest,testGetPort,getPort,UnifiedSocket
UnifiedServerSocketModeDetectionTest,testGetLocalPort,getLocalPort,UnifiedSocket
UnifiedServerSocketModeDetectionTest,testGetRemoteSocketAddress,getRemoteSocketAddress,UnifiedSocket
UnifiedServerSocketModeDetectionTest,testGetLocalSocketAddress,getLocalSocketAddress,UnifiedSocket
UnifiedServerSocketModeDetectionTest,testGetInputStream,getInputStream,UnifiedSocket
UnifiedServerSocketModeDetectionTest,testGetOutputStream,getOutputStream,UnifiedSocket
UnifiedServerSocketModeDetectionTest,testSetTcpNoDelay,setTcpNoDelay,UnifiedSocket
UnifiedServerSocketModeDetectionTest,testGetTcpNoDelay,getTcpNoDelay,UnifiedSocket
UnifiedServerSocketModeDetectionTest,testSetSoLinger,setSoLinger,UnifiedSocket
UnifiedServerSocketModeDetectionTest,testGetSoLinger,getSoLinger,UnifiedSocket
UnifiedServerSocketModeDetectionTest,testSetSoTimeout,setSoTimeout,UnifiedSocket
UnifiedServerSocketModeDetectionTest,testGetSoTimeout,getSoTimeout,UnifiedSocket
UnifiedServerSocketModeDetectionTest,testSetSendBufferSize,setSendBufferSize,UnifiedSocket
UnifiedServerSocketModeDetectionTest,testGetSendBufferSize,getSendBufferSize,UnifiedSocket
UnifiedServerSocketModeDetectionTest,testSetReceiveBufferSize,setReceiveBufferSize,UnifiedSocket
UnifiedServerSocketModeDetectionTest,testGetReceiveBufferSize,getReceiveBufferSize,UnifiedSocket
UnifiedServerSocketModeDetectionTest,testSetKeepAlive,setKeepAlive,UnifiedSocket
UnifiedServerSocketModeDetectionTest,testGetKeepAlive,getKeepAlive,UnifiedSocket
UnifiedServerSocketModeDetectionTest,testSetTrafficClass,setTrafficClass,UnifiedSocket
UnifiedServerSocketModeDetectionTest,testGetTrafficClass,getTrafficClass,UnifiedSocket
UnifiedServerSocketModeDetectionTest,testSetReuseAddress,setReuseAddress,UnifiedSocket
UnifiedServerSocketModeDetectionTest,testGetReuseAddress,getReuseAddress,UnifiedSocket
UnifiedServerSocketModeDetectionTest,testClose,close,UnifiedSocket
UnifiedServerSocketModeDetectionTest,testShutdownInput,shutdownInput,UnifiedSocket
UnifiedServerSocketModeDetectionTest,testShutdownOutput,shutdownOutput,UnifiedSocket
QuorumServerTest,testToString,toString,UnifiedSocket
UnifiedServerSocketModeDetectionTest,testIsConnected,isConnected,UnifiedSocket
UnifiedServerSocketModeDetectionTest,testIsBound,isBound,UnifiedSocket
UnifiedServerSocketModeDetectionTest,testIsClosed,isClosed,UnifiedSocket
UnifiedServerSocketModeDetectionTest,testIsInputShutdown,isInputShutdown,UnifiedSocket
UnifiedServerSocketModeDetectionTest,testIsOutputShutdown,isOutputShutdown,UnifiedSocket
ByteBufferInputStreamTest,testRead,read,UnifiedInputStream
ByteBufferInputStreamTest,testRead,read,UnifiedInputStream
ByteBufferInputStreamTest,testRead,read,UnifiedInputStream
ByteBufferInputStreamTest,testSkip,skip,UnifiedInputStream
ByteBufferInputStreamTest,testAvailable,available,UnifiedInputStream
UnifiedServerSocketModeDetectionTest,testClose,close,UnifiedInputStream
AvgMinMaxCounterSetTest,testReset,reset,UnifiedInputStream
AvgMinMaxPercentileCounterSetTest,testReset,reset,UnifiedInputStream
AvgMinMaxPercentileCounterTest,testReset,reset,UnifiedInputStream
BufferStatsTest,testReset,reset,UnifiedInputStream
ServerStatsTest,testReset,reset,UnifiedInputStream
UnifiedServerSocketModeDetectionTest,testClose,close,UnifiedOutputStream
MultipleAddressesTest,testEquals,equals,Vote
QuorumServerTest,testToString,toString,Vote
MultipleAddressesTest,testEquals,equals,AtomicLongWithEquals
MultipleAddressesTest,testEquals,equals,AtomicLongWithEquals
MultipleAddressesTest,testSize,size,ReferenceCountedACLCache
ReferenceCountedACLCacheTest,testAddUsage,addUsage,ReferenceCountedACLCache
ReferenceCountedACLCacheTest,testPurgeUnused,purgeUnused,ReferenceCountedACLCache
QuorumServerTest,testToString,toString,Request
WriteLockTest,testRun,run,RequestThrottler
GetTest,testGet,get,ResponseCache
QuorumServerTest,testToString,toString,EndOfStreamException
UnifiedServerSocketModeDetectionTest,testClose,close,ServerCnxn
NettyServerCnxnTest,testSendCloseSession,sendCloseSession,ServerCnxn
CommandsTest,testServerStats,serverStats,ServerCnxn
QuorumServerTest,testToString,toString,ServerCnxn
UnifiedServerSocketModeDetectionTest,testGetRemoteSocketAddress,getRemoteSocketAddress,ServerCnxn
UnifiedServerSocketModeDetectionTest,testGetLocalPort,getLocalPort,ServerCnxnFactory
BufferSizeTest,testStartup,startup,ServerCnxnFactory
BufferSizeTest,testStartup,startup,ServerCnxnFactory
FLETest,testJoin,join,ServerCnxnFactory
UnifiedServerSocketModeDetectionTest,testGetLocalAddress,getLocalAddress,ServerCnxnFactory
QuorumServerTest,testToString,toString,ServerStats
AvgMinMaxCounterSetTest,testReset,reset,ServerStats
AvgMinMaxPercentileCounterSetTest,testReset,reset,ServerStats
AvgMinMaxPercentileCounterTest,testReset,reset,ServerStats
BufferStatsTest,testReset,reset,ServerStats
ServerStatsTest,testReset,reset,ServerStats
QuorumServerTest,testToString,toString,SessionImpl
QuorumServerTest,testToString,toString,SessionTrackerImpl
WriteLockTest,testRun,run,SessionTrackerImpl
WriteLockTest,testRun,run,SnapshotFormatter
WriteLockTest,testRun,run,SyncRequestProcessor
UnifiedServerSocketModeDetectionTest,testClose,close,TxnLogProposalIterator
MultipleAddressesTest,testEquals,equals,AdHash
QuorumServerTest,testToString,toString,AdHash
MultipleAddressesTest,testSize,size,BitHashSet
MultipleAddressesTest,testIsEmpty,isEmpty,BitHashSet
GetTest,testGet,get,BitMap
MultipleAddressesTest,testSize,size,BitMap
MultipleAddressesTest,testSize,size,CircularBuffer
MultipleAddressesTest,testIsEmpty,isEmpty,CircularBuffer
AvgMinMaxCounterSetTest,testReset,reset,CircularBuffer
AvgMinMaxPercentileCounterSetTest,testReset,reset,CircularBuffer
AvgMinMaxPercentileCounterTest,testReset,reset,CircularBuffer
BufferStatsTest,testReset,reset,CircularBuffer
ServerStatsTest,testReset,reset,CircularBuffer
ConfigUtilsTest,testGetPropertyBackwardCompatibleWay,getPropertyBackwardCompatibleWay,ConfigUtils
QuorumServerTest,testToString,toString,GcTimes
WriteLockTest,testRun,run,JVMMonitor
QuorumServerTest,testToString,toString,BufferedMessage
MessageTrackerTest,testTrackReceived,trackReceived,MessageTracker
MessageTrackerTest,testTrackReceived,trackReceived,MessageTracker
MessageTrackerTest,testDumpToLog,dumpToLog,MessageTracker
OSMXBeanTest,testGetUnix,getUnix,OSMXBean
OSMXBeanTest,testGetOpenFileDescriptorCount,getOpenFileDescriptorCount,OSMXBean
OSMXBeanTest,testGetMaxFileDescriptorCount,getMaxFileDescriptorCount,OSMXBean
RequestPathMetricsCollectorTest,testCollectStats,collectStats,PathStatsQueue
CreateTest,testCreate,create,VerifyingFileFactory
RootTest,testCreate,create,VerifyingFileFactory
CreateContainerTest,testCreate,create,VerifyingFileFactory
CreateTTLTest,testCreate,create,VerifyingFileFactory
Emulate353TTLTest,testCreate,create,VerifyingFileFactory
QuorumRequestPipelineTest,testCreate,create,VerifyingFileFactory
CreateTest,testCreate,create,VerifyingFileFactory
MultiOperationTest,testCreate,create,VerifyingFileFactory
MultipleAddressesTest,testSize,size,IWatchManager
PathParentIteratorTest,testForPathOnly,forPathOnly,PathParentIterator
WriteLockTest,testRun,run,WatcherCleaner
MultipleAddressesTest,testEquals,equals,Key
MultipleAddressesTest,testSize,size,WatcherOrBitSet
WatchesPathReportTest,testHasSessions,hasSessions,WatchesPathReport
WatchesPathReportTest,testGetSessions,getSessions,WatchesPathReport
WatchesPathReportTest,testToMap,toMap,WatchesPathReport
WatchesReportTest,testToMap,toMap,WatchesPathReport
WatchesSummaryTest,testToMap,toMap,WatchesPathReport
ZooKeeperServerConfTest,testToMap,toMap,WatchesPathReport
WatchesReportTest,testHasPaths,hasPaths,WatchesReport
WatchesReportTest,testGetPaths,getPaths,WatchesReport
WatchesPathReportTest,testToMap,toMap,WatchesReport
WatchesReportTest,testToMap,toMap,WatchesReport
WatchesSummaryTest,testToMap,toMap,WatchesReport
ZooKeeperServerConfTest,testToMap,toMap,WatchesReport
WatchesPathReportTest,testToMap,toMap,WatchesSummary
WatchesReportTest,testToMap,toMap,WatchesSummary
WatchesSummaryTest,testToMap,toMap,WatchesSummary
ZooKeeperServerConfTest,testToMap,toMap,WatchesSummary
MultipleAddressesTest,testSize,size,WatchManager
QuorumServerTest,testToString,toString,WatchManager
MultipleAddressesTest,testSize,size,WatchManagerOptimized
QuorumServerTest,testToString,toString,WatchManagerOptimized
WriteLockTest,testRun,run,ScheduledWorkRequest
FLETest,testJoin,join,WorkerService
WatchesPathReportTest,testGetSessions,getSessions,ZKDatabase
DataTreeTest,testDumpEphemerals,dumpEphemerals,ZKDatabase
GetEphemeralsTest,testGetEphemerals,getEphemerals,ZKDatabase
GetEphemeralsTest,testGetEphemerals,getEphemerals,ZKDatabase
GetChildrenTest,testGetChildren,getChildren,ZKDatabase
DataTreeTest,testGetAllChildrenNumber,getAllChildrenNumber,ZKDatabase
UnifiedServerSocketModeDetectionTest,testClose,close,ZKDatabase
QuorumServerTest,testDuplicate,duplicate,ChangeRecord
CommandsTest,testServerStats,serverStats,ZooKeeperServer
UnifiedServerSocketModeDetectionTest,testClose,close,ZooKeeperServer
BufferSizeTest,testStartup,startup,ZooKeeperServer
ZooKeeperServerBeanTest,testGetSecureClientPort,getSecureClientPort,ZooKeeperServer
DataTreeTest,testDumpEphemerals,dumpEphemerals,ZooKeeperServer
GetEphemeralsTest,testGetEphemerals,getEphemerals,ZooKeeperServer
LeaderBeanTest,testGetName,getName,ZooKeeperServerBean
ZooKeeperServerBeanTest,testGetSecureClientPort,getSecureClientPort,ZooKeeperServerBean
ZooKeeperServerBeanTest,testGetSecureClientAddress,getSecureClientAddress,ZooKeeperServerBean
WatchesPathReportTest,testToMap,toMap,ZooKeeperServerConf
WatchesReportTest,testToMap,toMap,ZooKeeperServerConf
WatchesSummaryTest,testToMap,toMap,ZooKeeperServerConf
ZooKeeperServerConfTest,testToMap,toMap,ZooKeeperServerConf
ZooKeeperServerBeanTest,testGetSecureClientPort,getSecureClientPort,ZooKeeperServerMXBean
ZooKeeperServerBeanTest,testGetSecureClientAddress,getSecureClientAddress,ZooKeeperServerMXBean
CommandsTest,testRuok,ruok,ServerAdminClient
CommandsTest,testDump,dump,ServerAdminClient
CommandsTest,testStat,stat,ServerAdminClient
CommandsTest,testSetTraceMask,setTraceMask,ServerAdminClient
FourLetterWordsTest,testSetTraceMask,setTraceMask,ServerAdminClient
CommandsTest,testGetTraceMask,getTraceMask,ServerAdminClient
QuorumServerTest,testToString,toString,ShellCommandExecutor
WriteLockTest,testRun,run,ShellTimeoutTimerTask
WriteLockTest,testRun,run,Shell
QuorumServerTest,testToString,toString,StatsTrack
SessionTimeoutTest,testQueueEvent,queueEvent,Testable
CreateTest,testCreate,create,Transaction
RootTest,testCreate,create,Transaction
CreateContainerTest,testCreate,create,Transaction
CreateTTLTest,testCreate,create,Transaction
Emulate353TTLTest,testCreate,create,Transaction
QuorumRequestPipelineTest,testCreate,create,Transaction
CreateTest,testCreate,create,Transaction
MultiOperationTest,testCreate,create,Transaction
DeleteTest,testDelete,delete,Transaction
QuorumRequestPipelineTest,testDelete,delete,Transaction
ZooKeeperTest,testDelete,delete,Transaction
MultiOperationTest,testSetData,setData,Transaction
ZooKeeperTest,testSetData,setData,Transaction
MultipleAddressesTest,testIsEmpty,isEmpty,CircularBlockingQueue
MultipleAddressesTest,testSize,size,CircularBlockingQueue
BCFKSFileLoaderTest,testLoadTrustStore,loadTrustStore,PemReader
JKSFileLoaderTest,testLoadTrustStore,loadTrustStore,PemReader
PEMFileLoaderTest,testLoadTrustStore,loadTrustStore,PemReader
PKCS12FileLoaderTest,testLoadTrustStore,loadTrustStore,PemReader
BCFKSFileLoaderTest,testLoadKeyStore,loadKeyStore,PemReader
JKSFileLoaderTest,testLoadKeyStore,loadKeyStore,PemReader
PEMFileLoaderTest,testLoadKeyStore,loadKeyStore,PemReader
PKCS12FileLoaderTest,testLoadKeyStore,loadKeyStore,PemReader
QuorumServerTest,testToString,toString,WatchedEvent
ZooKeeperTest,testDeleteRecursive,deleteRecursive,ZKUtil
ZooKeeperTest,testDeleteRecursive,deleteRecursive,ZKUtil
ZooKeeperTest,testDeleteRecursive,deleteRecursive,ZKUtil
ZKUtilTest,testValidateFileInput,validateFileInput,ZKUtil
UnifiedServerSocketModeDetectionTest,testClose,close,ZooKeeper
UnifiedServerSocketModeDetectionTest,testClose,close,ZooKeeper
CreateTest,testCreate,create,ZooKeeper
RootTest,testCreate,create,ZooKeeper
CreateContainerTest,testCreate,create,ZooKeeper
CreateTTLTest,testCreate,create,ZooKeeper
Emulate353TTLTest,testCreate,create,ZooKeeper
QuorumRequestPipelineTest,testCreate,create,ZooKeeper
CreateTest,testCreate,create,ZooKeeper
MultiOperationTest,testCreate,create,ZooKeeper
CreateTest,testCreate,create,ZooKeeper
RootTest,testCreate,create,ZooKeeper
CreateContainerTest,testCreate,create,ZooKeeper
CreateTTLTest,testCreate,create,ZooKeeper
Emulate353TTLTest,testCreate,create,ZooKeeper
QuorumRequestPipelineTest,testCreate,create,ZooKeeper
CreateTest,testCreate,create,ZooKeeper
MultiOperationTest,testCreate,create,ZooKeeper
CreateTest,testCreate,create,ZooKeeper
RootTest,testCreate,create,ZooKeeper
CreateContainerTest,testCreate,create,ZooKeeper
CreateTTLTest,testCreate,create,ZooKeeper
Emulate353TTLTest,testCreate,create,ZooKeeper
QuorumRequestPipelineTest,testCreate,create,ZooKeeper
CreateTest,testCreate,create,ZooKeeper
MultiOperationTest,testCreate,create,ZooKeeper
CreateTest,testCreate,create,ZooKeeper
RootTest,testCreate,create,ZooKeeper
CreateContainerTest,testCreate,create,ZooKeeper
CreateTTLTest,testCreate,create,ZooKeeper
Emulate353TTLTest,testCreate,create,ZooKeeper
QuorumRequestPipelineTest,testCreate,create,ZooKeeper
CreateTest,testCreate,create,ZooKeeper
MultiOperationTest,testCreate,create,ZooKeeper
CreateTest,testCreate,create,ZooKeeper
RootTest,testCreate,create,ZooKeeper
CreateContainerTest,testCreate,create,ZooKeeper
CreateTTLTest,testCreate,create,ZooKeeper
Emulate353TTLTest,testCreate,create,ZooKeeper
QuorumRequestPipelineTest,testCreate,create,ZooKeeper
CreateTest,testCreate,create,ZooKeeper
MultiOperationTest,testCreate,create,ZooKeeper
CreateTest,testCreate,create,ZooKeeper
RootTest,testCreate,create,ZooKeeper
CreateContainerTest,testCreate,create,ZooKeeper
CreateTTLTest,testCreate,create,ZooKeeper
Emulate353TTLTest,testCreate,create,ZooKeeper
QuorumRequestPipelineTest,testCreate,create,ZooKeeper
CreateTest,testCreate,create,ZooKeeper
MultiOperationTest,testCreate,create,ZooKeeper
DeleteTest,testDelete,delete,ZooKeeper
QuorumRequestPipelineTest,testDelete,delete,ZooKeeper
ZooKeeperTest,testDelete,delete,ZooKeeper
CreateTTLTest,testMulti,multi,ZooKeeper
CreateTTLTest,testMulti,multi,ZooKeeper
DeleteTest,testDelete,delete,ZooKeeper
QuorumRequestPipelineTest,testDelete,delete,ZooKeeper
ZooKeeperTest,testDelete,delete,ZooKeeper
ExistsTest,testExists,exists,ZooKeeper
QuorumRequestPipelineTest,testExists,exists,ZooKeeper
ExistsTest,testExists,exists,ZooKeeper
QuorumRequestPipelineTest,testExists,exists,ZooKeeper
ExistsTest,testExists,exists,ZooKeeper
QuorumRequestPipelineTest,testExists,exists,ZooKeeper
ExistsTest,testExists,exists,ZooKeeper
QuorumRequestPipelineTest,testExists,exists,ZooKeeper
MultiOperationTest,testSetData,setData,ZooKeeper
ZooKeeperTest,testSetData,setData,ZooKeeper
MultiOperationTest,testSetData,setData,ZooKeeper
ZooKeeperTest,testSetData,setData,ZooKeeper
GetChildrenTest,testGetChildren,getChildren,ZooKeeper
GetChildrenTest,testGetChildren,getChildren,ZooKeeper
GetChildrenTest,testGetChildren,getChildren,ZooKeeper
GetChildrenTest,testGetChildren,getChildren,ZooKeeper
GetChildrenTest,testGetChildren,getChildren,ZooKeeper
GetChildrenTest,testGetChildren,getChildren,ZooKeeper
GetChildrenTest,testGetChildren,getChildren,ZooKeeper
GetChildrenTest,testGetChildren,getChildren,ZooKeeper
DataTreeTest,testGetAllChildrenNumber,getAllChildrenNumber,ZooKeeper
DataTreeTest,testGetAllChildrenNumber,getAllChildrenNumber,ZooKeeper
GetEphemeralsTest,testGetEphemerals,getEphemerals,ZooKeeper
GetEphemeralsTest,testGetEphemerals,getEphemerals,ZooKeeper
GetEphemeralsTest,testGetEphemerals,getEphemerals,ZooKeeper
GetEphemeralsTest,testGetEphemerals,getEphemerals,ZooKeeper
QuorumRequestPipelineTest,testSync,sync,ZooKeeper
SyncCallTest,testSync,sync,ZooKeeper
QuorumServerTest,testToString,toString,ZooKeeper
WriteLockTest,testRun,run,ZooKeeperMain
SessionTimeoutTest,testQueueEvent,queueEvent,ZooKeeperTestable
QuorumServerTest,testToString,toString,AuditLogPerfReading
CreateTest,testCreate,create,ZKAuditLoggerPerformance
RootTest,testCreate,create,ZKAuditLoggerPerformance
CreateContainerTest,testCreate,create,ZKAuditLoggerPerformance
CreateTTLTest,testCreate,create,ZKAuditLoggerPerformance
Emulate353TTLTest,testCreate,create,ZKAuditLoggerPerformance
QuorumRequestPipelineTest,testCreate,create,ZKAuditLoggerPerformance
CreateTest,testCreate,create,ZKAuditLoggerPerformance
MultiOperationTest,testCreate,create,ZKAuditLoggerPerformance
MultiOperationTest,testSetData,setData,ZKAuditLoggerPerformance
ZooKeeperTest,testSetData,setData,ZKAuditLoggerPerformance
DeleteTest,testDelete,delete,ZKAuditLoggerPerformance
QuorumRequestPipelineTest,testDelete,delete,ZKAuditLoggerPerformance
ZooKeeperTest,testDelete,delete,ZKAuditLoggerPerformance
CommandsTest,testDump,dump,BaseTestMetricsProvider
QuorumServerTest,testToString,toString,PortRange
PortAssignmentTest,testSetupPortRange,setupPortRange,PortAssignment
UnifiedServerSocketModeDetectionTest,testClose,close,MockServerCnxn
NettyServerCnxnTest,testSendCloseSession,sendCloseSession,MockServerCnxn
CommandsTest,testServerStats,serverStats,MockServerCnxn
UnifiedServerSocketModeDetectionTest,testGetRemoteSocketAddress,getRemoteSocketAddress,MockServerCnxn
UnifiedServerSocketModeDetectionTest,testGetPort,getPort,MiniKdc
DeleteTest,testDelete,delete,MiniKdc
QuorumRequestPipelineTest,testDelete,delete,MiniKdc
ZooKeeperTest,testDelete,delete,MiniKdc
QuorumServerTest,testToString,toString,ServerAddress
BufferSizeTest,testStartup,startup,NullServerCnxnFactory
FLETest,testJoin,join,NullServerCnxnFactory
UnifiedServerSocketModeDetectionTest,testGetLocalPort,getLocalPort,NullServerCnxnFactory
UnifiedServerSocketModeDetectionTest,testGetLocalAddress,getLocalAddress,NullServerCnxnFactory
WriteLockTest,testRun,run,PortForwardWorker
WriteLockTest,testRun,run,PortForwarder
PersistentRecursiveWatcherTest,testDisconnect,disconnect,DisconnectableZooKeeper
PersistentWatcherTest,testDisconnect,disconnect,DisconnectableZooKeeper
WriteLockTest,testRun,run,IntegrityCheck
WriteLockTest,testRun,run,SledgeHammer
PersistentRecursiveWatcherTest,testDisconnect,disconnect,TestableZooKeeper
PersistentWatcherTest,testDisconnect,disconnect,TestableZooKeeper
